transaction_id,customer_id,amount,timestamp,beneficiary_id,beneficiary_new,device_id,device_new,ip_anomaly,location_anomaly,fraud_scenario,fraud_difficulty,fraud_label,customer_avg_amount,amount_ratio,transactions_last_10m,customer_tx_count_24h,beneficiary_tx_count,hour
TX000751,C0096,592.06,2026-01-01 00:10:21,B0485,0,D0207,0,0,0,legitimate,none,0,818.86,0.7230295777055906,0,0,0,0
TX000154,C0019,7293.25,2026-01-01 00:26:56,B0084,0,NEW_D000155,1,0,0,legitimate,none,0,6818.19,1.0696753830562071,0,0,0,0
TX000011,C0001,1247.91,2026-01-01 01:14:41,B0001,0,D0001,0,0,1,legitimate,none,0,1449.42,0.8609719749968954,0,0,0,1
TX000812,C0019,8202.9,2026-01-01 01:23:31,FRAUD_B000813,1,FRAUD_D000813,1,1,1,anomalous_hour,easy,1,7293.25,1.1247249168751927,0,1,0,1
TX000062,C0008,13387.41,2026-01-01 01:31:07,B0037,0,D0018,0,0,0,legitimate,none,0,14177.04,0.9443021956628463,0,0,0,1
TX000057,C0007,3453.45,2026-01-01 01:47:26,B0030,0,D0016,0,0,0,legitimate,none,0,4615.46,0.7482352788237792,0,0,0,1
TX000674,C0085,30278.22,2026-01-01 02:02:28,B0437,0,D0190,0,0,0,legitimate,none,0,34075.31,0.8885677048866174,0,0,0,2
TX000599,C0078,16986.36,2026-01-01 02:12:31,B0395,0,D0174,0,0,0,legitimate,none,0,19598.62,0.8667120440112621,0,0,0,2
TX000624,C0082,4806.65,2026-01-01 02:43:06,B0417,0,D0186,0,0,0,legitimate,none,0,3424.45,1.403626859787703,0,0,0,2
TX000725,C0094,4808.87,2026-01-01 02:47:17,B0476,0,D0204,0,0,0,legitimate,none,0,4574.39,1.0512592935888718,0,0,0,2
TX000686,C0088,20352.45,2026-01-01 03:06:32,B0451,0,D0195,0,0,0,legitimate,none,0,16766.17,1.213899775559952,0,0,0,3
TX000403,C0059,4461.26,2026-01-01 03:18:46,B0303,0,D0133,0,0,0,legitimate,none,0,4454.25,1.0015737778526128,0,0,0,3
TX000789,C0026,2579.6,2026-01-01 04:28:04,FRAUD_B000790,1,FRAUD_D000790,1,1,1,new_device,easy,1,2217.29,1.163402171118798,0,0,0,4
TX000817,C0082,11993.26,2026-01-01 06:03:40,B0418,0,FRAUD_D000818,1,0,0,abnormal_amount,moderate,1,4806.65,2.4951390261408677,0,1,0,6
TX000350,C0049,3032.88,2026-01-01 06:24:09,B0247,0,D0109,0,0,0,legitimate,none,0,3240.37,0.9359671889321282,0,0,0,6
TX000202,C0024,66194.55,2026-01-01 06:25:21,B0109,0,D0055,0,0,0,legitimate,none,0,56662.0,1.1682353252620805,0,0,0,6
TX000510,C0068,2944.84,2026-01-01 07:06:33,B0348,0,D0153,0,0,0,legitimate,none,0,3922.71,0.7507157041942942,0,0,0,7
TX000015,C0001,699.38,2026-01-01 07:22:34,B0002,0,D0002,0,1,0,legitimate,none,0,1247.91,0.5604410574480531,0,1,0,7
TX000323,C0043,2076.96,2026-01-01 07:42:06,B0207,0,D0097,0,0,0,legitimate,none,0,2752.64,0.7545338293420135,0,0,0,7
TX000507,C0068,3225.57,2026-01-01 07:49:12,NEW_B000508,1,D0152,0,0,0,legitimate,none,0,2944.84,1.0953294576275792,0,1,0,7
TX000329,C0044,1548.07,2026-01-01 07:54:18,B0216,0,D0100,0,0,0,legitimate,none,0,1303.93,1.1872339772840566,0,0,0,7
TX000825,C0044,1149.43,2026-01-01 07:57:18,B0212,0,D0100,0,0,0,transfer_burst,hard,1,1548.07,0.74249226456168,1,1,0,7
TX000448,C0064,17189.06,2026-01-01 08:02:53,NEW_B000449,1,D0143,0,0,0,legitimate,none,0,23938.99,0.7180361410402026,0,0,0,8
TX000171,C0020,522.01,2026-01-01 08:06:38,B0090,0,D0044,0,0,0,legitimate,none,0,712.02,0.7331395185528496,0,0,0,8
TX000764,C0098,3409.24,2026-01-01 08:22:01,B0491,0,D0210,0,0,0,legitimate,none,0,3510.4,0.9711827711941659,0,0,0,8
TX000111,C0015,5511.7,2026-01-01 08:22:15,B0062,0,D0031,0,0,0,legitimate,none,0,12988.01,0.42436832124397805,0,0,0,8
TX000582,C0076,35791.17,2026-01-01 08:24:57,B0390,0,D0170,0,0,0,legitimate,none,0,40884.87,0.8754135698609289,0,0,0,8
TX000506,C0068,3349.45,2026-01-01 08:31:56,B0351,0,D0153,0,0,0,legitimate,none,0,3085.205,1.0856490897687512,0,2,0,8
TX000757,C0098,4029.92,2026-01-01 08:37:50,B0491,0,D0211,0,0,0,legitimate,none,0,3409.24,1.182058171322641,0,1,1,8
TX000754,C0097,56395.03,2026-01-01 08:50:08,B0490,0,D0209,0,0,0,legitimate,none,0,42850.35,1.3160926340158248,0,0,0,8
TX000284,C0040,3012.62,2026-01-01 09:04:21,B0196,0,D0090,0,0,0,legitimate,none,0,4792.17,0.6286546595801067,0,0,0,9
TX000290,C0040,3896.95,2026-01-01 09:05:42,B0196,0,NEW_D000291,1,0,0,legitimate,none,0,3012.62,1.2935418340182299,1,1,1,9
TX000487,C0066,2165.77,2026-01-01 09:11:49,B0337,0,D0149,0,0,0,legitimate,none,0,2686.96,0.8060298627445143,0,0,0,9
TX000049,C0006,14243.75,2026-01-01 09:28:10,B0021,0,D0013,0,0,0,legitimate,none,0,12912.64,1.1030858135904045,0,0,0,9
TX000561,C0075,14633.11,2026-01-01 10:00:11,B0384,0,D0167,0,0,0,legitimate,none,0,13462.76,1.0869323972201836,0,0,0,10
TX000024,C0002,2715.78,2026-01-01 10:17:02,NEW_B000025,1,D0005,0,0,0,legitimate,none,0,4743.09,0.5725761054502445,0,0,0,10
TX000462,C0064,24192.24,2026-01-01 10:20:32,B0325,0,D0145,0,0,0,legitimate,none,0,17189.06,1.407420766464251,0,1,0,10
TX000211,C0024,66366.34,2026-01-01 10:22:19,B0108,0,D0055,0,0,0,legitimate,none,0,66194.55,1.00259522876128,0,1,0,10
TX000399,C0058,22771.65,2026-01-01 10:30:59,B0295,0,D0130,0,0,0,legitimate,none,0,23581.97,0.9656381549124182,0,0,0,10
TX000330,C0044,1549.73,2026-01-01 10:42:41,B0216,0,D0100,0,0,0,legitimate,none,0,1348.75,1.149012048192771,0,2,1,10
TX000854,C0004,10138.5,2026-01-01 10:47:37,FRAUD_B000855,1,FRAUD_D000855,1,1,1,abnormal_amount,easy,1,1916.05,5.291354609744005,0,0,0,10
TX000523,C0071,2114.22,2026-01-01 10:56:37,NEW_B000524,1,D0158,0,0,0,legitimate,none,0,2638.77,0.8012142020714196,0,0,0,10
TX000625,C0082,5061.19,2026-01-01 11:04:23,NEW_B000626,1,D0186,0,0,0,legitimate,none,0,8399.955,0.6025258468646558,0,2,0,11
TX000436,C0063,4549.98,2026-01-01 11:12:57,B0321,0,D0140,0,0,0,legitimate,none,0,4451.04,1.0222285128868758,0,0,0,11
TX000805,C0058,25689.64,2026-01-01 11:20:11,FRAUD_B000806,1,FRAUD_D000806,1,1,1,new_beneficiary,easy,1,22771.65,1.1281413511976515,0,1,0,11
TX000820,C0086,1606.92,2026-01-01 11:25:24,B0439,0,FRAUD_D000821,1,0,0,new_device,moderate,1,1511.14,1.0633826118030096,0,0,0,11
TX000160,C0019,8161.14,2026-01-01 11:25:43,B0086,0,D0043,0,0,0,legitimate,none,0,7748.075,1.0533119516783203,0,2,0,11
TX000121,C0016,1839.81,2026-01-01 11:31:33,B0067,0,D0033,0,0,0,legitimate,none,0,1486.94,1.2373128707278034,0,0,0,11
TX000658,C0084,63356.3,2026-01-01 11:40:28,B0426,0,D0188,0,0,0,legitimate,none,0,63818.19,0.9927624083353038,0,0,0,11
TX000842,C0054,14998.11,2026-01-01 11:55:21,B0273,0,D0123,0,0,0,anomalous_context,hard,1,15607.07,0.960981785818863,0,0,0,11
TX000838,C0098,10947.77,2026-01-01 12:07:17,B0491,0,FRAUD_D000839,1,1,0,abnormal_amount,moderate,1,3719.58,2.943281230676582,0,2,2,12
TX000215,C0025,5677.48,2026-01-01 12:17:48,B0110,0,D0056,0,0,0,legitimate,none,0,6270.55,0.9054197797641355,0,0,0,12
TX000619,C0082,3918.61,2026-01-01 12:18:10,NEW_B000620,1,D0185,0,0,0,legitimate,none,0,7287.033333333333,0.5377510738251964,0,3,0,12
TX000767,C0098,3473.55,2026-01-01 12:19:29,B0492,0,D0212,0,0,0,legitimate,none,0,6128.9766666666665,0.5667422457147551,0,3,0,12
TX000502,C0067,10041.31,2026-01-01 12:21:53,B0343,0,D0150,0,0,0,legitimate,none,0,6384.25,1.5728253122919684,0,0,0,12
TX000547,C0074,106088.3,2026-01-01 12:38:40,B0376,0,D0166,0,0,0,legitimate,none,0,90432.48,1.1731216483281228,0,0,0,12
TX000830,C0074,114706.1,2026-01-01 12:42:40,FRAUD_B000831,1,FRAUD_D000831,1,1,1,transfer_burst,easy,1,106088.3,1.0812323319348127,1,1,0,12
TX000459,C0064,19962.85,2026-01-01 12:46:04,B0330,0,D0145,0,0,0,legitimate,none,0,20690.65,0.964824691346091,0,2,0,12
TX000220,C0025,6424.57,2026-01-01 12:52:24,NEW_B000221,1,D0057,0,0,0,legitimate,none,0,5677.48,1.1315883103066855,0,1,0,12
TX000107,C0014,35946.51,2026-01-01 12:53:09,B0061,0,D0030,0,0,0,legitimate,none,0,22956.46,1.565855972567199,0,0,0,12
TX000826,C0007,5412.1,2026-01-01 12:59:36,FRAUD_B000827,1,FRAUD_D000827,1,1,1,anomalous_context,easy,1,3453.45,1.5671574802009587,0,1,0,12
TX000265,C0035,9553.3,2026-01-01 13:08:12,B0169,0,D0080,0,0,0,legitimate,none,0,10336.5,0.9242296715522662,0,0,0,13
TX000668,C0084,92612.82,2026-01-01 13:30:58,B0429,0,D0188,0,1,0,legitimate,none,0,63356.3,1.4617775974922778,0,1,0,13
TX000241,C0030,3333.68,2026-01-01 13:31:24,B0144,0,D0067,0,0,0,legitimate,none,0,4373.51,0.7622435983912235,0,0,0,13
TX000659,C0084,67610.61,2026-01-01 13:33:45,NEW_B000660,1,D0188,0,0,0,legitimate,none,0,77984.56,0.866974308760606,1,2,0,13
TX000468,C0065,8238.63,2026-01-01 13:39:59,B0333,0,D0146,0,0,0,legitimate,none,0,6713.07,1.2272522109854358,0,0,0,13
TX000732,C0094,3231.75,2026-01-01 13:48:38,B0477,0,D0204,0,0,0,legitimate,none,0,4808.87,0.6720393772341527,0,1,0,13
TX000464,C0065,7144.01,2026-01-01 14:05:25,B0332,0,D0147,0,0,0,legitimate,none,0,8238.63,0.867135676684109,0,1,0,14
TX000414,C0061,2605.88,2026-01-01 14:11:35,B0314,0,D0136,0,0,0,legitimate,none,0,1883.81,1.383302987031601,0,0,0,14
TX000418,C0062,787.06,2026-01-01 14:30:53,B0318,0,D0138,0,0,0,legitimate,none,0,760.66,1.0347067020745142,0,0,0,14
TX000606,C0078,30633.4,2026-01-01 14:31:04,B0397,0,D0175,0,0,0,legitimate,none,0,16986.36,1.803411678546787,0,1,0,14
TX000451,C0064,23488.85,2026-01-01 14:33:02,B0327,0,D0143,0,0,0,legitimate,none,0,20448.05,1.1487085565616282,0,3,0,14
TX000836,C0053,2828.13,2026-01-01 14:36:52,B0269,0,D0119,0,0,0,new_beneficiary,hard,1,4003.82,0.7063579281785894,0,0,0,14
TX000440,C0063,4376.87,2026-01-01 14:37:07,B0320,0,D0140,0,0,0,legitimate,none,0,4549.98,0.96195367891727,0,1,0,14
TX000471,C0065,6159.14,2026-01-01 14:42:54,NEW_B000472,1,D0146,0,1,0,legitimate,none,0,7691.32,0.8007910215671693,0,2,0,14
TX000770,C0098,5419.13,2026-01-01 14:55:08,B0492,0,D0210,0,0,0,legitimate,none,0,5465.12,0.9915848142401266,0,4,1,14
TX000460,C0064,15336.19,2026-01-01 15:02:46,B0329,0,D0143,0,0,0,legitimate,none,0,21208.25,0.723123784376363,0,4,0,15
TX000731,C0094,4843.15,2026-01-01 15:24:06,B0477,0,D0203,0,0,0,legitimate,none,0,4020.31,1.2046707840937638,0,2,1,15
TX000602,C0078,14176.67,2026-01-01 15:30:55,B0397,0,D0175,0,0,0,legitimate,none,0,23809.88,0.5954112326479596,0,2,1,15
TX000613,C0079,9780.87,2026-01-01 15:44:23,B0406,0,D0178,0,0,0,legitimate,none,0,9023.02,1.0839907259431987,0,0,0,15
TX000631,C0082,1685.72,2026-01-01 15:56:45,B0420,0,D0186,0,0,0,legitimate,none,0,6444.9275,0.2615576358306591,0,4,0,15
TX000193,C0023,4325.41,2026-01-01 16:01:13,B0107,0,D0053,0,0,0,legitimate,none,0,4064.36,1.0642290545128876,0,0,0,16
TX000381,C0053,2995.19,2026-01-01 16:06:45,NEW_B000382,1,D0120,0,0,0,legitimate,none,0,2828.13,1.0590708347918942,0,1,0,16
TX000263,C0035,285.49,2026-01-01 16:09:05,B0169,0,D0078,0,0,0,legitimate,none,0,9553.3,0.029883914458878086,0,1,1,16
TX000852,C0053,4657.51,2026-01-01 16:11:45,B0270,0,D0121,0,0,0,transfer_burst,hard,1,2911.66,1.5996064100890903,1,2,0,16
TX000422,C0063,6794.97,2026-01-01 16:14:20,B0321,0,D0142,0,0,0,legitimate,none,0,4463.424999999999,1.5223667923175592,0,2,1,16
TX000634,C0082,2985.9,2026-01-01 16:24:06,B0419,0,D0185,0,0,0,legitimate,none,0,5493.086,0.5435742313155119,0,5,0,16
TX000701,C0088,14136.95,2026-01-01 16:27:07,B0451,0,D0195,0,0,0,legitimate,none,0,20352.45,0.6946067918113052,0,1,1,16
TX000281,C0039,61039.53,2026-01-01 16:28:00,B0191,0,D0089,0,0,0,legitimate,none,0,59029.28,1.0340551333168895,0,0,0,16
TX000195,C0023,4275.52,2026-01-01 17:03:06,B0107,0,D0053,0,0,0,legitimate,none,0,4325.41,0.9884658332967281,0,1,1,17
TX000489,C0066,4046.94,2026-01-01 17:05:33,B0337,0,D0149,0,0,0,legitimate,none,0,2165.77,1.8685917710560216,0,1,1,17
TX000704,C0090,5430.65,2026-01-01 17:10:46,B0467,0,D0197,0,0,0,legitimate,none,0,9404.35,0.5774614938831497,0,0,0,17
TX000296,C0040,3796.01,2026-01-01 17:56:26,B0196,0,D0091,0,0,0,legitimate,none,0,3454.785,1.0987688090575827,0,2,2,17
TX000743,C0095,3549.53,2026-01-01 17:59:12,B0480,0,D0205,0,0,0,legitimate,none,0,4368.36,0.8125543682297247,0,0,0,17
TX000861,C0095,5067.31,2026-01-01 18:04:12,FRAUD_B000862,1,FRAUD_D000862,1,1,1,transfer_burst,moderate,1,3549.53,1.4276002738390716,1,1,0,18
TX000259,C0033,21115.28,2026-01-01 18:04:37,B0158,0,D0073,0,0,0,legitimate,none,0,18634.21,1.1331459718442585,0,0,0,18
TX000026,C0002,4900.92,2026-01-01 18:31:04,B0008,0,D0003,0,0,0,legitimate,none,0,2715.78,1.8046086207277465,0,1,0,18
TX000449,C0064,20248.55,2026-01-01 18:42:31,B0327,0,D0143,0,0,0,legitimate,none,0,20033.838,1.010717467117384,0,5,1,18
TX000565,C0075,18314.26,2026-01-01 18:49:10,B0384,0,D0167,0,0,0,legitimate,none,0,14633.11,1.2515630648577094,0,1,1,18
TX000398,C0057,7578.55,2026-01-01 18:50:21,B0293,0,D0129,0,0,0,legitimate,none,0,5389.53,1.4061615762413422,0,0,0,18
TX000733,C0094,5134.64,2026-01-01 19:04:30,B0478,0,D0202,0,0,0,legitimate,none,0,4294.59,1.195606565469579,0,3,0,19
TX000035,C0003,113115.82,2026-01-01 19:21:20,B0010,0,D0007,0,0,0,legitimate,none,0,90727.57,1.2467634700235,0,0,0,19
TX000033,C0003,90360.2,2026-01-01 19:47:20,B0010,0,D0006,0,0,0,legitimate,none,0,113115.82,0.7988290232082479,0,1,1,19
TX000267,C0035,15398.53,2026-01-01 19:52:46,B0168,0,D0079,0,0,0,legitimate,none,0,4919.3949999999995,3.1301674291249233,0,2,0,19
TX000115,C0015,12238.49,2026-01-01 19:56:25,B0065,0,D0031,0,0,0,legitimate,none,0,5511.7,2.220456483480596,0,1,0,19
TX000071,C0010,11009.42,2026-01-01 20:04:57,B0047,0,D0022,0,0,0,legitimate,none,0,9932.55,1.1084182813074186,0,0,0,20
TX000037,C0003,96412.48,2026-01-01 20:26:03,B0011,0,D0007,0,0,0,legitimate,none,0,101738.01000000001,0.9476544705366262,0,2,0,20
TX000444,C0064,23298.96,2026-01-01 20:35:18,B0330,0,D0143,0,0,0,legitimate,none,0,20069.623333333333,1.160906690326525,0,6,1,20
TX000150,C0019,7425.66,2026-01-01 20:41:16,B0085,0,D0043,0,0,0,legitimate,none,0,7885.763333333333,0.9416539257032399,0,3,0,20
TX000282,C0039,70754.81,2026-01-01 20:46:26,NEW_B000283,1,D0089,0,0,0,legitimate,none,0,61039.53,1.1591637419226524,0,1,0,20
TX000137,C0018,48360.59,2026-01-01 21:18:34,B0082,0,D0039,0,0,0,legitimate,none,0,63214.47,0.7650240522462657,0,0,0,21
TX000216,C0025,7698.3,2026-01-01 21:33:40,B0113,0,D0056,0,0,0,legitimate,none,0,6051.025,1.2722307377675683,0,2,0,21
TX000207,C0024,65416.88,2026-01-01 21:37:25,B0109,0,D0055,0,0,0,legitimate,none,0,66280.445,0.986971044023618,0,2,1,21
TX000377,C0052,3693.25,2026-01-01 21:41:49,B0268,0,D0118,0,0,0,legitimate,none,0,2927.21,1.261696291007478,0,0,0,21
TX000285,C0040,7858.73,2026-01-01 21:45:01,B0195,0,D0091,0,0,0,legitimate,none,0,3568.5266666666666,2.202233788360836,0,3,0,21
TX000430,C0063,2102.57,2026-01-01 21:48:30,B0321,0,D0142,0,0,1,legitimate,none,0,5240.606666666667,0.40120736657715206,0,3,2,21
TX000546,C0074,68812.92,2026-01-01 22:06:43,B0377,0,D0166,0,0,1,legitimate,none,0,110397.20000000001,0.6233212436547303,0,2,0,22
TX000834,C0055,2981.33,2026-01-01 22:26:33,FRAUD_B000835,1,FRAUD_D000835,1,1,1,abnormal_amount,easy,1,502.57,5.932168653122948,0,0,0,22
TX000501,C0067,8158.13,2026-01-01 22:35:20,B0340,0,D0151,0,0,0,legitimate,none,0,10041.31,0.8124567412020942,0,1,0,22
TX000616,C0081,25868.39,2026-01-01 22:37:03,B0413,0,D0183,0,0,0,legitimate,none,0,24902.99,1.0387664292520697,0,0,0,22
TX000803,C0081,21488.5,2026-01-01 22:42:03,FRAUD_B000804,1,FRAUD_D000804,1,1,1,transfer_burst,easy,1,25868.39,0.8306856360214145,1,1,0,22
TX000630,C0082,4548.55,2026-01-01 23:27:56,NEW_B000631,1,D0186,0,0,0,legitimate,none,0,5075.221666666667,0.8962268643110168,0,6,0,23
TX000027,C0002,3105.31,2026-01-01 23:35:48,B0007,0,D0003,0,0,0,legitimate,none,0,3808.3500000000004,0.815395118620925,0,2,0,23
TX000845,C0013,17974.75,2026-01-02 00:40:52,B0056,0,D0028,0,0,0,anomalous_context,hard,1,16691.72,1.076866254646016,0,0,0,0
TX000434,C0063,5409.18,2026-01-02 01:17:08,B0322,0,D0140,0,0,0,legitimate,none,0,4456.0975,1.2138827752310177,0,4,0,1
TX000303,C0040,5866.52,2026-01-02 02:37:35,B0195,0,D0091,0,0,0,legitimate,none,0,4641.077499999999,1.2640426711254016,0,4,1,2
TX000286,C0040,1985.75,2026-01-02 02:44:35,B0196,0,D0091,0,0,0,legitimate,none,0,4886.166,0.40640248407442564,1,5,3,2
TX000185,C0021,926.82,2026-01-02 03:41:03,B0097,0,D0049,0,0,1,legitimate,none,0,993.42,0.9329588693603915,0,0,0,3
TX000213,C0025,8065.18,2026-01-02 04:15:33,B0111,0,D0057,0,0,0,legitimate,none,0,6600.116666666666,1.2219753691222632,0,3,0,4
TX000655,C0084,113086.34,2026-01-02 04:20:56,B0430,0,D0188,0,0,0,legitimate,none,0,74526.57666666668,1.5173961432013534,0,3,0,4
TX000409,C0060,22414.03,2026-01-02 04:59:58,B0307,0,D0134,0,0,0,legitimate,none,0,21633.31,1.0360887908507759,0,0,0,4
TX000766,C0098,2769.87,2026-01-02 06:11:53,B0491,0,D0212,0,0,0,legitimate,none,0,5455.9220000000005,0.5076813781428693,0,5,3,6
TX000169,C0020,659.6,2026-01-02 06:19:29,B0090,0,D0045,0,0,0,legitimate,none,0,522.01,1.263577326104864,0,1,1,6
TX000275,C0036,2387.81,2026-01-02 06:33:30,B0174,0,D0082,0,0,0,legitimate,none,0,3384.33,0.7055488087745581,0,0,0,6
TX000614,C0079,5976.43,2026-01-02 06:47:52,B0401,0,D0176,0,0,0,legitimate,none,0,9780.87,0.6110325564085812,0,1,0,6
TX000700,C0088,15836.14,2026-01-02 07:01:22,B0455,0,D0195,0,0,0,legitimate,none,0,17244.7,0.9183192517121201,0,1,0,7
TX000497,C0067,4397.64,2026-01-02 07:06:36,B0340,0,D0151,0,0,0,legitimate,none,0,9099.72,0.483272012765228,0,2,1,7
TX000045,C0005,10076.51,2026-01-02 07:08:32,NEW_B000046,1,D0010,0,0,0,legitimate,none,0,18108.77,0.5564436458136031,0,0,0,7
TX000593,C0078,22414.82,2026-01-02 07:20:36,B0397,0,D0173,0,0,0,legitimate,none,0,20598.81,1.0881609180336145,0,2,2,7
TX000526,C0073,4723.43,2026-01-02 07:23:57,B0374,0,D0165,0,0,0,legitimate,none,0,10301.13,0.4585351315826517,0,0,0,7
TX000819,C0082,2801.17,2026-01-02 07:27:11,B0418,0,D0186,0,0,0,new_beneficiary,hard,1,4999.982857142857,0.5602359208088714,0,5,1,7
TX000103,C0014,20596.21,2026-01-02 07:41:30,B0058,0,D0029,0,0,0,legitimate,none,0,35946.51,0.572968279813534,0,1,0,7
TX000588,C0077,2180.63,2026-01-02 08:06:10,B0392,0,D0171,0,0,0,legitimate,none,0,2926.83,0.7450483970712342,0,0,0,8
TX000424,C0063,5748.39,2026-01-02 08:13:10,B0320,0,D0141,0,0,1,legitimate,none,0,4646.714,1.237087111451232,0,5,1,8
TX000615,C0080,19477.25,2026-01-02 08:27:44,B0407,0,D0180,0,0,0,legitimate,none,0,11234.33,1.7337259987912053,0,0,0,8
TX000450,C0064,16332.04,2026-01-02 08:29:51,B0328,0,D0144,0,0,0,legitimate,none,0,20530.957142857143,0.7954836146390781,0,6,0,8
TX000288,C0040,5637.96,2026-01-02 08:30:54,B0196,0,D0091,0,0,0,legitimate,none,0,4402.763333333333,1.280550321048372,0,6,4,8
TX000627,C0082,2407.79,2026-01-02 09:07:16,B0418,0,D0185,0,1,0,legitimate,none,0,4725.13125,0.5095710304343397,0,6,2,9
TX000597,C0078,18011.87,2026-01-02 09:19:01,B0396,0,D0173,0,0,0,legitimate,none,0,21052.8125,0.8555564725615639,0,3,0,9
TX000343,C0046,24057.31,2026-01-02 09:48:26,B0225,0,D0103,0,0,0,legitimate,none,0,22410.37,1.0734900851703921,0,0,0,9
TX000691,C0088,14950.56,2026-01-02 09:52:01,B0453,0,D0195,0,0,0,legitimate,none,0,16775.18,0.8912309733785271,0,2,0,9
TX000280,C0039,52205.84,2026-01-02 09:59:31,B0190,0,D0089,0,0,0,legitimate,none,0,65897.17,0.7922318970602228,0,2,0,9
TX000293,C0040,3944.87,2026-01-02 10:02:27,B0196,0,D0090,0,0,0,legitimate,none,0,4579.22,0.8614720410899672,0,5,5,10
TX000809,C0018,91305.18,2026-01-02 10:11:40,B0082,0,D0039,0,0,0,account_takeover,hard,1,48360.59,1.8880079833600045,0,1,1,10
TX000051,C0006,14168.07,2026-01-02 10:14:29,B0028,0,D0013,0,0,0,legitimate,none,0,14243.75,0.9946867924528302,0,0,0,10
TX000478,C0066,2937.86,2026-01-02 10:41:59,B0337,0,D0148,0,0,0,legitimate,none,0,3106.355,0.9457579703543221,0,1,2,10
TX000863,C0003,81503.98,2026-01-02 10:48:50,FRAUD_B000864,1,FRAUD_D000864,1,1,1,anomalous_context,easy,1,99962.83333333333,0.8153428357539552,0,3,0,10
TX000096,C0013,9363.15,2026-01-02 10:58:22,B0057,0,D0028,0,0,0,legitimate,none,0,17974.75,0.5209057149612651,0,1,0,10
TX000038,C0003,37388.74,2026-01-02 10:59:18,B0012,0,D0006,0,0,0,legitimate,none,0,95348.12,0.392128759329497,0,4,0,10
TX000785,C0100,8930.33,2026-01-02 11:02:52,B0502,0,D0216,0,0,0,legitimate,none,0,7646.24,1.167937443763209,0,0,0,11
TX000576,C0076,13764.28,2026-01-02 11:36:35,B0386,0,D0170,0,0,0,legitimate,none,0,35791.17,0.3845719488913048,0,0,0,11
TX000379,C0052,4850.21,2026-01-02 11:36:36,B0266,0,D0117,0,0,0,legitimate,none,0,3693.25,1.3132633859067218,0,1,0,11
TX000200,C0024,37233.11,2026-01-02 11:43:24,B0109,0,D0055,0,0,0,legitimate,none,0,65992.59,0.5642013747301023,0,1,2,11
TX000205,C0024,33243.55,2026-01-02 11:43:49,B0109,0,D0054,0,0,0,legitimate,none,0,58802.72,0.5653403448003766,1,2,3,11
TX000592,C0078,16790.19,2026-01-02 11:45:34,B0396,0,D0175,0,0,0,legitimate,none,0,20444.624,0.8212520807425951,0,4,1,11
TX000345,C0047,9418.87,2026-01-02 11:46:52,B0235,0,D0106,0,0,0,legitimate,none,0,10968.9,0.8586886561095461,0,0,0,11
TX000127,C0016,1045.08,2026-01-02 11:49:08,B0066,0,D0034,0,0,0,legitimate,none,0,1839.81,0.5680369168555448,0,0,0,11
TX000692,C0088,22597.43,2026-01-02 12:05:19,B0452,0,D0195,0,0,0,legitimate,none,0,16319.025,1.3847291734647138,0,3,0,12
TX000545,C0074,23377.4,2026-01-02 12:33:21,B0377,0,D0166,0,0,0,legitimate,none,0,96535.77333333333,0.2421630779222017,0,3,1,12
TX000665,C0084,50170.43,2026-01-02 12:38:13,NEW_B000666,1,D0188,0,0,0,legitimate,none,0,84166.5175,0.5960853732602159,0,3,0,12
TX000186,C0021,1206.21,2026-01-02 13:04:45,B0092,0,D0048,0,0,0,legitimate,none,0,926.82,1.3014501197643555,0,1,0,13
TX000823,C0021,1071.49,2026-01-02 13:08:45,FRAUD_B000824,1,FRAUD_D000824,1,1,1,transfer_burst,easy,1,1066.515,1.0046647257656947,1,2,0,13
TX000067,C0010,9717.98,2026-01-02 13:21:49,B0047,0,D0022,0,0,0,legitimate,none,0,11009.42,0.8826968178160157,0,1,1,13
TX000236,C0030,5205.25,2026-01-02 13:24:05,B0141,0,D0068,0,0,0,legitimate,none,0,3333.68,1.5614126130882389,0,1,0,13
TX000645,C0084,59113.33,2026-01-02 13:25:15,B0426,0,D0188,0,0,0,legitimate,none,0,77367.3,0.764060914624137,0,4,1,13
TX000370,C0051,63128.6,2026-01-02 13:39:53,B0262,0,D0115,0,0,0,legitimate,none,0,82188.31,0.7680970687923867,0,0,0,13
TX000228,C0029,66199.86,2026-01-02 13:48:53,B0139,0,D0066,0,0,0,legitimate,none,0,97830.88,0.6766765258576841,0,0,0,13
TX000598,C0078,13843.89,2026-01-02 13:50:59,B0396,0,D0175,0,0,0,legitimate,none,0,19835.551666666666,0.6979331975558027,0,5,2,13
TX000407,C0059,3027.62,2026-01-02 13:51:20,B0303,0,D0132,0,0,0,legitimate,none,0,4461.26,0.6786468396820629,0,0,1,13
TX000356,C0049,2265.8,2026-01-02 14:00:21,B0248,0,D0110,0,0,0,legitimate,none,0,3032.88,0.7470786842868825,0,0,0,14
TX000849,C0098,4264.45,2026-01-02 14:07:30,FRAUD_B000850,1,FRAUD_D000850,1,1,1,account_takeover,moderate,1,5008.246666666667,0.851485616390034,0,2,0,14
TX000666,C0084,65855.85,2026-01-02 14:15:39,B0426,0,D0188,0,0,0,legitimate,none,0,74324.97166666666,0.8860528100212529,0,3,2,14
TX000713,C0092,2793.96,2026-01-02 14:15:53,B0471,0,NEW_D000714,1,0,0,legitimate,none,0,3339.96,0.8365249883232134,0,0,0,14
TX000134,C0018,72195.84,2026-01-02 14:28:15,B0082,0,D0039,0,0,0,legitimate,none,0,69832.885,1.0338372816761043,0,2,2,14
TX000511,C0068,4240.99,2026-01-02 14:34:20,B0345,0,D0152,0,0,1,legitimate,none,0,3173.286666666667,1.3364660824844061,0,0,0,14
TX000480,C0066,3589.44,2026-01-02 14:38:36,B0337,0,D0148,0,0,0,legitimate,none,0,3050.19,1.1767922653998604,0,2,3,14
TX000402,C0058,19341.64,2026-01-02 14:49:25,B0300,0,D0130,0,0,0,legitimate,none,0,24230.645,0.7982305052135426,0,0,0,14
TX000351,C0049,3542.61,2026-01-02 15:13:48,B0249,0,D0109,0,0,0,legitimate,none,0,2649.34,1.3371669925339895,0,1,0,15
TX000083,C0011,23422.06,2026-01-02 15:20:07,B0051,0,D0024,0,0,0,legitimate,none,0,16227.36,1.4433684838445686,0,0,0,15
TX000494,C0067,4734.65,2026-01-02 15:21:58,B0340,0,D0150,0,0,0,legitimate,none,0,7532.360000000001,0.6285745768922355,0,2,2,15
TX000032,C0003,141143.38,2026-01-02 15:28:07,B0011,0,D0007,0,0,0,legitimate,none,0,83756.24399999999,1.6851684514410654,0,5,1,15
TX000039,C0003,54576.64,2026-01-02 15:35:00,B0010,0,D0006,0,0,0,legitimate,none,0,93320.76666666666,0.5848284572601382,1,6,2,15
TX000348,C0048,10272.0,2026-01-02 15:43:22,NEW_B000349,1,D0107,0,0,0,legitimate,none,0,17778.99,0.5777606039488182,0,0,0,15
TX000744,C0095,4402.55,2026-01-02 15:51:45,B0482,0,NEW_D000745,1,0,0,legitimate,none,0,4308.42,1.02184791640555,0,2,0,15
TX000623,C0082,5357.92,2026-01-02 15:54:27,B0417,0,D0186,0,0,0,legitimate,none,0,4467.648888888889,1.1992706081548237,0,5,1,15
TX000438,C0063,2608.17,2026-01-02 15:59:20,B0322,0,D0142,0,0,0,legitimate,none,0,4830.326666666667,0.539957269970699,0,4,1,15
TX000724,C0094,5594.38,2026-01-02 16:05:51,B0478,0,D0202,0,0,0,legitimate,none,0,4504.6025,1.2419253419141867,0,1,1,16
TX000761,C0098,2904.18,2026-01-02 16:12:42,B0492,0,D0211,0,0,0,legitimate,none,0,4901.99,0.5924491890028335,0,2,2,16
TX000572,C0075,20233.6,2026-01-02 16:26:12,B0384,0,D0167,0,0,0,legitimate,none,0,16473.684999999998,1.2282376408192826,0,1,2,16
TX000479,C0066,5168.81,2026-01-02 16:56:26,NEW_B000480,1,D0149,0,0,0,legitimate,none,0,3185.0025,1.622859008744891,0,3,0,16
TX000005,C0001,1347.6,2026-01-02 16:57:34,B0001,0,D0001,0,0,0,legitimate,none,0,973.645,1.384077358790935,0,0,1,16
TX000389,C0055,645.87,2026-01-02 16:59:29,B0280,0,D0125,0,0,1,legitimate,none,0,2981.33,0.21663821180479853,0,1,0,16
TX000410,C0060,24972.01,2026-01-02 17:09:49,B0305,0,D0134,0,0,0,legitimate,none,0,22414.03,1.1141240553349843,0,1,0,17
TX000415,C0061,2071.61,2026-01-02 17:23:54,B0315,0,D0135,0,0,0,legitimate,none,0,2605.88,0.7949752099098961,0,0,0,17
TX000716,C0092,4445.46,2026-01-02 17:29:06,B0471,0,D0199,0,0,0,legitimate,none,0,2793.96,1.5910965081819353,0,1,1,17
TX000611,C0079,10794.33,2026-01-02 17:49:31,B0401,0,D0176,0,0,0,legitimate,none,0,7878.650000000001,1.370073553210258,0,1,1,17
TX000652,C0084,85386.79,2026-01-02 17:52:19,B0429,0,D0188,0,0,0,legitimate,none,0,73115.09714285715,1.1678407515915024,0,4,1,17
TX000383,C0053,1452.71,2026-01-02 17:52:55,B0270,0,D0119,0,0,0,legitimate,none,0,3493.61,0.4158191669934538,0,0,1,17
TX000829,C0053,3459.57,2026-01-02 17:54:55,B0271,0,D0120,0,0,0,transfer_burst,hard,1,2983.385,1.1596123195631807,1,1,0,17
TX000297,C0040,6085.48,2026-01-02 18:02:25,B0196,0,D0090,0,0,0,legitimate,none,0,4499.92625,1.3523510524200255,0,5,6,18
TX000653,C0084,58670.19,2026-01-02 18:19:40,NEW_B000654,1,D0188,0,0,0,legitimate,none,0,74649.05875,0.7859468154379108,0,5,0,18
TX000289,C0040,5196.14,2026-01-02 18:23:11,B0196,0,D0091,0,0,0,legitimate,none,0,4676.098888888889,1.1112125991062352,0,6,7,18
TX000773,C0098,4176.4,2026-01-02 18:36:10,NEW_B000774,1,D0212,0,0,0,legitimate,none,0,4652.26375,0.8977135056025144,0,3,0,18
TX000183,C0020,483.27,2026-01-02 18:36:53,B0090,0,D0046,0,0,0,legitimate,none,0,590.8050000000001,0.817985629776322,0,1,2,18
TX000485,C0066,2077.27,2026-01-02 18:47:02,B0336,0,D0149,0,0,0,legitimate,none,0,3581.764,0.5799572501147479,0,3,0,18
TX000264,C0035,7159.93,2026-01-02 18:54:28,B0170,0,D0079,0,0,0,legitimate,none,0,8412.44,0.8511121624641602,0,1,0,18
TX000059,C0007,5074.14,2026-01-02 18:54:51,B0029,0,D0016,0,0,0,legitimate,none,0,4432.775,1.1446870188538785,0,0,0,18
TX000256,C0033,15927.21,2026-01-02 19:01:14,B0159,0,D0073,0,0,1,legitimate,none,0,21115.28,0.7542978355011157,0,0,0,19
TX000342,C0046,24048.71,2026-01-02 19:06:16,B0227,0,D0103,0,0,0,legitimate,none,0,24057.31,0.9996425202984041,0,1,0,19
TX000050,C0006,6082.99,2026-01-02 19:36:43,B0023,0,D0015,0,0,0,legitimate,none,0,14205.91,0.4282013612644315,0,1,0,19
TX000530,C0074,65898.6,2026-01-02 19:55:29,B0381,0,D0166,0,0,0,legitimate,none,0,78246.18000000001,0.8421957468083426,0,2,0,19
TX000119,C0016,1996.73,2026-01-02 20:02:08,B0071,0,D0034,0,0,0,legitimate,none,0,1442.445,1.3842676843831134,0,1,0,20
TX000108,C0014,24158.77,2026-01-02 20:04:07,B0061,0,D0029,0,0,0,legitimate,none,0,28271.36,0.8545315824919636,0,1,1,20
TX000717,C0092,3454.41,2026-01-02 20:04:23,B0471,0,D0199,0,0,0,legitimate,none,0,3619.71,0.9543333581972036,0,2,2,20
TX000719,C0092,2975.62,2026-01-02 20:08:45,B0470,0,D0199,0,0,0,legitimate,none,0,3564.61,0.8347673378013303,1,3,0,20
TX000697,C0088,18406.57,2026-01-02 20:14:32,B0455,0,D0195,0,0,0,legitimate,none,0,17574.706,1.0473330250873045,0,3,1,20
TX000262,C0034,15458.34,2026-01-02 20:16:54,B0162,0,D0077,0,0,0,legitimate,none,0,15739.41,0.9821422785225113,0,0,0,20
TX000458,C0064,16504.19,2026-01-02 20:22:09,B0328,0,D0143,0,0,0,legitimate,none,0,20006.0925,0.8249581971092056,0,2,1,20
TX000302,C0040,3986.83,2026-01-02 20:32:25,B0195,0,D0090,0,0,0,legitimate,none,0,4728.103,0.8432197860325801,0,7,2,20
TX000268,C0035,5901.7,2026-01-02 20:56:09,B0170,0,D0080,0,0,0,legitimate,none,0,8099.3125,0.7286667849894667,0,1,1,20
TX000192,C0023,5108.57,2026-01-02 21:17:02,NEW_B000193,1,D0053,0,0,0,legitimate,none,0,4300.465,1.187911074732616,0,0,0,21
TX000310,C0042,1583.03,2026-01-02 21:18:16,NEW_B000311,1,D0095,0,0,0,legitimate,none,0,1685.25,0.939344310933096,0,0,0,21
TX000090,C0012,1941.39,2026-01-02 21:28:40,B0054,0,D0025,0,0,0,legitimate,none,0,1682.34,1.1539819537073364,0,0,0,21
TX000012,C0001,1246.91,2026-01-02 21:42:07,B0001,0,D0002,0,0,0,legitimate,none,0,1098.2966666666666,1.1353125597516156,0,1,2,21
TX000508,C0068,2905.95,2026-01-02 21:46:55,B0349,0,D0152,0,0,0,legitimate,none,0,3440.2125,0.844700727062645,0,1,0,21
TX000141,C0018,67528.1,2026-01-02 22:08:20,NEW_B000142,1,D0039,0,0,0,legitimate,none,0,70620.53666666667,0.9562105187438159,0,2,0,22
TX000322,C0043,3244.12,2026-01-02 22:10:07,B0207,0,D0099,0,0,0,legitimate,none,0,2076.96,1.5619559355981818,0,0,1,22
TX000358,C0050,1084.92,2026-01-02 22:10:26,B0260,0,D0112,0,0,0,legitimate,none,0,1187.78,0.9134014716529998,0,0,0,22
TX000401,C0058,12302.05,2026-01-02 22:18:12,B0297,0,D0130,0,0,0,legitimate,none,0,22600.976666666666,0.5443149728190212,0,1,0,22
TX000140,C0018,39871.94,2026-01-02 22:25:32,B0082,0,D0039,0,0,0,legitimate,none,0,69847.42749999999,0.5708433571157651,0,3,3,22
TX000384,C0054,13145.42,2026-01-02 22:41:17,B0274,0,D0122,0,0,0,legitimate,none,0,14998.11,0.8764717687761991,0,0,0,22
TX000760,C0098,4247.91,2026-01-02 22:52:53,B0491,0,D0210,0,0,0,legitimate,none,0,4599.39,0.9235811705465289,0,4,4,22
TX000355,C0049,3221.88,2026-01-02 23:11:11,B0247,0,D0110,0,0,0,legitimate,none,0,2947.096666666667,1.0932386563499217,0,2,1,23
TX000272,C0036,1926.5,2026-01-02 23:15:42,B0171,0,D0081,0,0,0,legitimate,none,0,2387.81,0.8068062366771226,0,1,0,23
TX000860,C0088,23432.11,2026-01-02 23:59:51,FRAUD_B000861,1,D0195,0,0,0,new_beneficiary,hard,1,17713.350000000002,1.3228502795913815,0,4,0,23
TX000128,C0016,1234.32,2026-01-03 00:22:33,B0067,0,D0034,0,0,0,legitimate,none,0,1627.2066666666667,0.7585514644728594,0,2,1,0
TX000594,C0078,21560.42,2026-01-03 00:23:28,B0396,0,D0173,0,0,0,legitimate,none,0,18979.600000000002,1.1359786296866106,0,4,3,0
TX000242,C0030,4222.97,2026-01-03 00:24:55,B0144,0,D0067,0,0,0,legitimate,none,0,4269.465,0.989109876764419,0,1,1,0
TX000839,C0032,14390.08,2026-01-03 00:42:37,FRAUD_B000840,1,FRAUD_D000840,1,1,1,abnormal_amount,easy,1,3743.25,3.8442743605155947,0,0,0,0
TX000550,C0075,11023.37,2026-01-03 01:11:28,B0383,0,D0167,0,0,0,legitimate,none,0,17726.99,0.6218410457725762,0,1,0,1
TX000260,C0033,22964.62,2026-01-03 02:44:53,B0158,0,D0073,0,0,0,legitimate,none,0,18521.245,1.2399069285029165,0,1,1,2
TX000396,C0057,4630.94,2026-01-03 02:48:13,B0293,0,D0129,0,0,0,legitimate,none,0,7578.55,0.6110588437102084,0,0,1,2
TX000679,C0085,43640.37,2026-01-03 04:58:51,B0433,0,D0191,0,0,0,legitimate,none,0,30278.22,1.4413122700079464,0,0,0,4
TX000835,C0029,104520.45,2026-01-03 05:45:08,FRAUD_B000836,1,FRAUD_D000836,1,1,1,new_beneficiary,easy,1,66199.86,1.5788621003125989,0,1,0,5
TX000765,C0098,4720.72,2026-01-03 06:12:12,B0491,0,D0212,0,0,0,legitimate,none,0,4564.242,1.0342834582390679,0,4,5,6
TX000179,C0020,655.49,2026-01-03 06:13:59,B0090,0,D0045,0,0,0,legitimate,none,0,554.96,1.1811481908606025,0,2,3,6
TX000157,C0019,10634.55,2026-01-03 06:47:21,B0085,0,D0043,0,0,0,legitimate,none,0,7770.7375,1.3685380570377006,0,0,1,6
TX000232,C0030,4657.52,2026-01-03 07:02:06,B0144,0,D0067,0,0,1,legitimate,none,0,4253.966666666667,1.0948651846511883,0,2,2,7
TX000304,C0040,5669.67,2026-01-03 07:10:54,B0195,0,D0090,0,0,0,legitimate,none,0,4660.714545454545,1.2164808517461039,0,5,3,7
TX000559,C0075,15055.88,2026-01-03 07:25:07,B0385,0,D0168,0,0,0,legitimate,none,0,16051.085,0.9379976493800887,0,2,0,7
TX000138,C0018,57106.79,2026-01-03 07:36:35,B0083,0,D0040,0,0,0,legitimate,none,0,63852.33,0.8943571832069401,0,4,0,7
TX000340,C0045,3827.74,2026-01-03 07:52:14,B0221,0,D0101,0,0,0,legitimate,none,0,4606.83,0.8308837096224518,0,0,0,7
TX000224,C0028,1487.13,2026-01-03 08:28:55,NEW_B000225,1,D0062,0,0,0,legitimate,none,0,2881.01,0.5161835606263081,0,0,0,8
TX000080,C0010,4010.06,2026-01-03 08:56:03,B0047,0,D0022,0,0,0,legitimate,none,0,10363.7,0.3869332381292395,0,1,2,8
TX000395,C0056,2651.75,2026-01-03 09:09:27,B0288,0,D0128,0,0,0,legitimate,none,0,1958.7,1.3538316230152652,0,0,0,9
TX000375,C0051,135278.24,2026-01-03 09:11:41,B0263,0,D0115,0,0,0,legitimate,none,0,63128.6,2.1428994148452523,0,1,0,9
TX000584,C0076,68735.96,2026-01-03 09:24:23,B0386,0,D0170,0,0,0,legitimate,none,0,24777.725,2.774102949322426,0,1,1,9
TX000677,C0085,22722.35,2026-01-03 09:25:23,B0432,0,D0189,0,1,0,legitimate,none,0,36959.295,0.6147939239641882,0,1,0,9
TX000726,C0094,4321.91,2026-01-03 09:41:35,B0478,0,D0202,0,0,0,legitimate,none,0,4722.558,0.9151629265326122,0,1,2,9
TX000491,C0067,6368.98,2026-01-03 09:57:08,NEW_B000492,1,D0151,0,1,0,legitimate,none,0,6832.9325,0.9321005293115364,0,1,0,9
TX000670,C0085,45233.34,2026-01-03 10:05:20,B0435,0,D0189,0,0,0,legitimate,none,0,32213.646666666667,1.4041670124483474,0,2,0,10
TX000426,C0063,6278.59,2026-01-03 10:08:33,B0320,0,D0141,0,0,0,legitimate,none,0,4512.875714285715,1.3912614478003096,0,1,2,10
TX000759,C0098,2606.45,2026-01-03 10:09:30,B0492,0,D0210,0,0,0,legitimate,none,0,4578.467272727273,0.5692844012505971,0,5,3,10
TX000490,C0066,3397.64,2026-01-03 10:10:55,B0336,0,D0149,0,0,0,legitimate,none,0,3331.015,1.0200014109813376,0,4,1,10
TX000589,C0077,3655.91,2026-01-03 10:30:22,B0391,0,D0171,0,1,0,legitimate,none,0,2180.63,1.6765384315541838,0,0,0,10
TX000537,C0074,67089.69,2026-01-03 10:32:04,B0378,0,D0166,0,0,0,legitimate,none,0,75776.664,0.8853608282359857,0,2,0,10
TX000814,C0044,783.54,2026-01-03 10:41:50,FRAUD_B000815,1,FRAUD_D000815,1,1,1,new_device,easy,1,1415.743333333333,0.5534477765508343,0,0,0,10
TX000421,C0062,1230.92,2026-01-03 10:55:10,B0318,0,D0139,0,0,0,legitimate,none,0,787.06,1.5639468401392527,0,0,1,10
TX000052,C0006,11420.91,2026-01-03 11:04:28,NEW_B000053,1,NEW_D000053,1,0,0,legitimate,none,0,11498.269999999999,0.9932720313577609,0,1,0,11
TX000706,C0091,35837.56,2026-01-03 11:05:17,B0469,0,D0198,0,0,0,legitimate,none,0,30324.48,1.181802952598033,0,0,0,11
TX000034,C0003,61938.51,2026-01-03 11:30:33,B0011,0,D0007,0,0,0,legitimate,none,0,87785.89142857143,0.7055633768940809,0,2,2,11
TX000735,C0094,5986.72,2026-01-03 11:50:15,B0477,0,NEW_D000736,1,0,0,legitimate,none,0,4655.783333333334,1.2858673978958068,0,2,2,11
TX000112,C0015,12884.7,2026-01-03 11:53:49,B0065,0,D0031,0,0,0,legitimate,none,0,8875.095,1.451781642900724,0,0,1,11
TX000469,C0065,5644.68,2026-01-03 12:13:34,B0333,0,D0146,0,0,0,legitimate,none,0,7180.593333333333,0.7861021698299769,0,0,1,12
TX000098,C0013,17998.96,2026-01-03 12:21:49,B0056,0,NEW_D000099,1,0,0,legitimate,none,0,13668.95,1.3167770750496561,0,0,1,12
TX000737,C0094,4925.74,2026-01-03 12:37:53,B0476,0,D0204,0,0,0,legitimate,none,0,4845.917142857143,1.0164721877798748,0,3,1,12
TX000148,C0018,38172.88,2026-01-03 12:44:45,B0083,0,D0040,0,0,0,legitimate,none,0,62728.073333333334,0.6085453923819967,0,4,1,12
TX000359,C0050,1302.78,2026-01-03 12:48:39,B0254,0,D0113,0,0,0,legitimate,none,0,1084.92,1.2008074328061054,0,1,0,12
TX000170,C0020,551.02,2026-01-03 12:59:56,B0088,0,D0046,0,0,0,legitimate,none,0,580.0925,0.9498829927985624,0,2,0,12
TX000457,C0064,23170.33,2026-01-03 13:13:54,B0327,0,D0145,0,0,0,legitimate,none,0,19616.992222222223,1.1811357081414622,0,1,2,13
TX000151,C0019,7330.56,2026-01-03 13:15:03,B0085,0,D0041,0,0,0,legitimate,none,0,8343.5,0.878595313717265,0,1,2,13
TX000087,C0011,20683.73,2026-01-03 13:21:49,B0052,0,D0023,0,0,0,legitimate,none,0,23422.06,0.8830875678740469,0,1,0,13
TX000837,C0096,935.07,2026-01-03 13:28:40,FRAUD_B000838,1,FRAUD_D000838,1,1,1,account_takeover,easy,1,592.06,1.5793500658717023,0,0,0,13
TX000055,C0006,16906.52,2026-01-03 13:38:51,B0024,0,D0015,0,0,0,legitimate,none,0,11478.93,1.4728306558189657,0,2,0,13
TX000258,C0033,14678.15,2026-01-03 13:57:54,B0159,0,D0074,0,0,0,legitimate,none,0,20002.37,0.7338205422657416,0,2,1,13
TX000769,C0098,2850.13,2026-01-03 13:58:02,B0491,0,D0211,0,0,0,legitimate,none,0,4414.1325,0.6456829286388662,0,6,6,13
TX000198,C0024,59275.11,2026-01-03 14:06:08,B0109,0,D0055,0,0,0,legitimate,none,0,53690.886,1.1040069258682004,0,0,4,14
TX000564,C0075,12146.01,2026-01-03 14:09:48,B0385,0,D0167,0,0,0,legitimate,none,0,15852.044,0.7662109693866608,0,3,1,14
TX000074,C0010,14594.82,2026-01-03 14:23:09,B0046,0,D0022,0,0,0,legitimate,none,0,8245.82,1.769965873618391,0,1,0,14
TX000306,C0040,4960.85,2026-01-03 14:27:57,B0196,0,D0090,0,0,0,legitimate,none,0,4744.794166666667,1.0455353437354942,0,4,8,14
TX000586,C0076,43929.41,2026-01-03 14:32:43,B0386,0,D0170,0,0,0,legitimate,none,0,39430.47,1.1140980566551706,0,1,2,14
TX000019,C0001,1054.59,2026-01-03 14:35:00,B0001,0,D0002,0,0,0,legitimate,none,0,1135.45,0.9287859438988946,0,2,3,14
TX000060,C0008,18326.14,2026-01-03 14:37:24,B0035,0,D0017,0,0,0,legitimate,none,0,13387.41,1.3689085491517776,0,0,0,14
TX000844,C0056,1833.79,2026-01-03 14:39:43,FRAUD_B000845,1,FRAUD_D000845,1,1,1,account_takeover,easy,1,2651.75,0.6915395493542,0,1,0,14
TX000864,C0034,16636.51,2026-01-03 14:41:10,B0162,0,D0077,0,0,0,account_takeover,hard,1,15458.34,1.076215816187249,0,1,1,14
TX000541,C0074,113104.59,2026-01-03 14:48:52,B0377,0,D0166,0,0,0,legitimate,none,0,74328.835,1.5216784979880282,0,2,2,14
TX000730,C0094,3506.31,2026-01-03 14:49:05,B0477,0,D0202,0,0,0,legitimate,none,0,4855.895,0.7220728619543874,0,4,3,14
TX000702,C0089,2018.75,2026-01-03 14:57:09,B0462,0,D0196,0,0,0,legitimate,none,0,1535.52,1.3147012087110554,0,0,0,14
TX000710,C0092,5039.79,2026-01-03 14:57:33,B0470,0,D0199,0,0,0,legitimate,none,0,3417.3625,1.4747601403128874,0,3,1,14
TX000309,C0041,5170.29,2026-01-03 15:12:09,B0197,0,D0094,0,0,0,legitimate,none,0,4441.34,1.1641283936829876,0,0,0,15
TX000298,C0040,5233.96,2026-01-03 15:19:17,B0195,0,NEW_D000299,1,0,0,legitimate,none,0,4761.413846153846,1.099244923695903,0,5,4,15
TX000254,C0033,24405.96,2026-01-03 15:20:05,B0157,0,D0074,0,0,0,legitimate,none,0,18671.315,1.3071366424914368,0,3,0,15
TX000555,C0075,14826.28,2026-01-03 15:25:03,B0385,0,D0169,0,0,0,legitimate,none,0,15234.371666666666,0.9732124385832345,0,4,2,15
TX000639,C0083,1515.03,2026-01-03 15:36:25,B0421,0,D0187,0,0,0,legitimate,none,0,2471.45,0.6130126039369601,0,0,0,15
TX000786,C0100,10125.41,2026-01-03 15:42:33,B0499,0,D0216,0,0,0,legitimate,none,0,8930.33,1.133822602300251,0,0,0,15
TX000030,C0002,4328.03,2026-01-03 15:45:18,B0006,0,D0003,0,0,0,legitimate,none,0,3574.0033333333336,1.2109753674917294,0,0,0,15
TX000042,C0005,19039.75,2026-01-03 15:46:19,B0020,0,D0011,0,0,0,legitimate,none,0,10076.51,1.889518295520969,0,0,0,15
TX000740,C0094,5966.43,2026-01-03 16:01:58,B0478,0,D0204,0,0,0,legitimate,none,0,4705.941111111111,1.2678505444772294,0,5,3,16
TX000408,C0060,20709.27,2026-01-03 16:04:35,NEW_B000409,1,D0134,0,0,0,legitimate,none,0,23693.019999999997,0.8740662861889283,0,1,0,16
TX000549,C0075,14961.75,2026-01-03 16:16:10,B0384,0,D0168,0,0,0,legitimate,none,0,15176.072857142857,0.9858775811660667,0,5,3,16
TX000777,C0100,5978.28,2026-01-03 16:16:19,B0501,0,D0216,0,0,0,legitimate,none,0,9527.869999999999,0.6274518858884515,0,1,0,16
TX000466,C0065,6268.05,2026-01-03 16:22:38,B0333,0,D0147,0,0,0,legitimate,none,0,6796.615,0.9222311400601624,0,1,2,16
TX000517,C0070,1239.72,2026-01-03 16:29:31,B0367,0,D0157,0,0,0,legitimate,none,0,1077.76,1.1502746437054632,0,0,0,16
TX000513,C0068,3641.51,2026-01-03 16:34:28,B0344,0,D0152,0,0,0,legitimate,none,0,3333.3599999999997,1.0924442604459166,0,1,0,16
TX000739,C0094,6859.95,2026-01-03 16:40:16,NEW_B000740,1,D0203,0,0,0,legitimate,none,0,4831.99,1.4196945771824858,0,5,0,16
TX000133,C0018,43068.58,2026-01-03 16:46:55,B0083,0,D0039,0,0,0,legitimate,none,0,59220.188571428575,0.7272617841811282,0,4,2,16
TX000368,C0051,82498.79,2026-01-03 17:00:35,B0262,0,D0115,0,0,0,legitimate,none,0,99203.42,0.8316123577191189,0,1,1,17
TX000064,C0009,1084.78,2026-01-03 17:13:28,B0040,0,D0019,0,0,0,legitimate,none,0,1691.96,0.6411380883708835,0,0,0,17
TX000774,C0098,4534.62,2026-01-03 17:14:37,B0492,0,D0211,0,0,0,legitimate,none,0,4293.824615384616,1.056079464390004,0,5,4,17
TX000721,C0093,1671.54,2026-01-03 17:19:18,B0473,0,D0201,0,0,0,legitimate,none,0,1530.24,1.0923384567126726,0,0,0,17
TX000796,C0093,1470.64,2026-01-03 17:20:18,FRAUD_B000797,1,FRAUD_D000797,1,1,0,transfer_burst,moderate,1,1671.54,0.8798114313746606,1,1,0,17
TX000349,C0048,13947.03,2026-01-03 17:35:30,B0245,0,D0108,0,0,0,legitimate,none,0,10272.0,1.3577716121495327,0,0,0,17
TX000474,C0065,9465.85,2026-01-03 17:40:19,B0335,0,D0146,0,0,0,legitimate,none,0,6690.902,1.4147345156153834,0,2,0,17
TX000498,C0067,6019.7,2026-01-03 17:59:08,B0343,0,D0151,0,0,0,legitimate,none,0,6740.142,0.8931117474973079,0,1,1,17
TX000010,C0001,1685.34,2026-01-03 18:17:48,NEW_B000011,1,D0001,0,0,0,legitimate,none,0,1119.2779999999998,1.5057385207249676,0,2,0,18
TX000519,C0071,2717.4,2026-01-03 18:37:26,B0368,0,D0159,0,0,0,legitimate,none,0,2114.22,1.2852967051678634,0,0,0,18
TX000397,C0057,2619.63,2026-01-03 18:47:08,B0289,0,D0129,0,0,0,legitimate,none,0,6104.745,0.42911374676583547,0,1,0,18
TX000729,C0094,3833.67,2026-01-03 19:01:55,B0477,0,D0202,0,0,0,legitimate,none,0,5016.349999999999,0.7642349517079152,0,6,4,19
TX000117,C0016,1471.46,2026-01-03 19:10:44,B0073,0,D0033,0,0,0,legitimate,none,0,1528.985,0.9623770017364461,0,2,0,19
TX000762,C0098,3638.89,2026-01-03 19:21:10,B0491,0,D0210,0,0,0,legitimate,none,0,4311.024285714286,0.8440894225667946,0,5,7,19
TX000431,C0063,2871.02,2026-01-03 19:25:15,B0322,0,D0141,0,0,0,legitimate,none,0,4733.59,0.6065206323319088,0,1,2,19
TX000807,C0009,1794.44,2026-01-03 19:31:06,FRAUD_B000808,1,D0021,0,0,0,new_beneficiary,moderate,1,1084.78,1.6541971644019986,0,1,0,19
TX000145,C0018,68142.98,2026-01-03 19:44:13,B0083,0,D0040,0,0,0,legitimate,none,0,57201.2375,1.191285066166619,0,5,3,19
TX000188,C0022,3250.9,2026-01-03 19:51:58,B0098,0,D0050,0,0,0,legitimate,none,0,3323.51,0.9781526157586407,0,0,0,19
TX000455,C0064,20130.84,2026-01-03 19:52:46,B0326,0,D0143,0,0,0,legitimate,none,0,19972.326,1.0079366819868651,0,2,0,19
TX000696,C0088,15209.2,2026-01-03 19:56:30,B0455,0,D0195,0,1,0,legitimate,none,0,18530.315714285713,0.8207739271422483,0,2,2,19
TX000672,C0085,12879.89,2026-01-03 19:57:10,B0435,0,D0189,0,0,0,legitimate,none,0,35468.57,0.3631353054267482,0,3,1,19
TX000748,C0096,633.29,2026-01-03 20:00:27,B0485,0,D0207,0,0,0,legitimate,none,0,763.565,0.8293858414149416,0,1,1,20
TX000571,C0075,13537.15,2026-01-03 20:02:06,B0385,0,D0167,0,0,0,legitimate,none,0,15149.2825,0.8935835740075478,0,5,3,20
TX000793,C0019,6544.96,2026-01-03 20:34:18,FRAUD_B000794,1,FRAUD_D000794,1,1,1,account_takeover,easy,1,8174.676666666666,0.8006383942606496,0,2,0,20
TX000688,C0088,14880.88,2026-01-03 20:48:42,B0454,0,D0195,0,0,0,legitimate,none,0,18115.17625,0.8214592999060663,0,2,0,20
TX000177,C0020,714.8,2026-01-03 20:54:23,B0090,0,D0044,0,0,0,legitimate,none,0,574.278,1.2446933366766617,0,2,4,20
TX000722,C0093,745.15,2026-01-03 21:00:07,B0472,0,D0201,0,0,0,legitimate,none,0,1571.0900000000001,0.4742885512605897,0,2,0,21
TX000435,C0063,6457.16,2026-01-03 21:23:29,B0320,0,D0140,0,0,0,legitimate,none,0,4526.637777777778,1.4264803850000023,0,2,3,21
TX000846,C0029,112019.49,2026-01-03 21:28:14,B0136,0,D0065,0,0,0,account_takeover,hard,1,85360.155,1.3123159160149136,0,1,0,21
TX000851,C0049,4499.24,2026-01-03 21:30:57,B0251,0,D0111,0,0,0,new_beneficiary,hard,1,3015.7925,1.4918930927774374,0,1,0,21
TX000204,C0024,74575.16,2026-01-03 21:36:50,B0109,0,D0055,0,0,0,legitimate,none,0,54621.59,1.3653055504242921,0,1,5,21
TX000385,C0054,12052.72,2026-01-03 21:43:30,B0274,0,D0123,0,1,0,legitimate,none,0,14071.765,0.8565179989859125,0,1,1,21
TX000201,C0024,62743.88,2026-01-03 21:50:04,B0108,0,D0055,0,0,0,legitimate,none,0,57472.1,1.0917276382801393,0,2,1,21
TX000104,C0014,17431.23,2026-01-03 22:09:53,B0059,0,D0030,0,0,0,legitimate,none,0,26900.49666666667,0.6479891511296755,0,0,0,22
TX000714,C0092,3739.89,2026-01-03 22:22:07,B0470,0,D0199,0,0,0,legitimate,none,0,3741.8479999999995,0.9994767291455987,0,1,2,22
TX000392,C0056,2247.76,2026-01-03 22:27:14,NEW_B000393,1,D0127,0,0,0,legitimate,none,0,2242.77,1.0022249272105477,0,2,0,22
TX000749,C0096,668.64,2026-01-03 22:29:31,B0485,0,D0206,0,0,0,legitimate,none,0,720.14,0.9284861276973921,0,2,2,22
TX000361,C0050,1372.84,2026-01-03 22:52:49,B0261,0,D0113,0,0,0,legitimate,none,0,1193.85,1.149926707710349,0,1,0,22
TX000142,C0018,88003.57,2026-01-03 22:53:32,B0083,0,D0038,0,0,0,legitimate,none,0,58416.986666666664,1.506472261264646,0,4,4,22
TX000827,C0001,700.66,2026-01-03 23:22:32,FRAUD_B000828,1,FRAUD_D000828,1,1,1,account_takeover,moderate,1,1213.6216666666667,0.5773298378269999,0,2,0,23
TX000337,C0044,981.01,2026-01-03 23:32:14,B0217,0,D0100,0,0,0,legitimate,none,0,1257.6925,0.7800078318030838,0,1,0,23
TX000522,C0071,3068.91,2026-01-03 23:38:06,B0370,0,D0159,0,0,0,legitimate,none,0,2415.81,1.2703441081873161,0,1,0,23
TX000824,C0065,4185.38,2026-01-04 01:21:08,B0335,0,D0146,0,0,0,anomalous_hour,hard,1,7153.393333333333,0.5850901530182878,0,3,1,1
TX000120,C0016,1822.36,2026-01-04 01:28:48,B0068,0,D0033,0,0,0,legitimate,none,0,1517.48,1.2009120383794185,0,1,0,1
TX000862,C0054,11321.96,2026-01-04 02:33:46,B0276,0,FRAUD_D000863,1,1,0,new_device,moderate,1,13398.75,0.8450012127997014,0,1,0,2
TX000404,C0059,4517.03,2026-01-04 03:00:16,B0302,0,D0133,0,0,0,legitimate,none,0,3744.44,1.2063299184924847,0,0,0,3
TX000810,C0035,8852.46,2026-01-04 04:32:40,B0168,0,D0080,0,0,0,anomalous_hour,hard,1,7659.789999999999,1.1557053130699406,0,0,1,4
TX000184,C0021,1137.21,2026-01-04 04:47:31,B0096,0,D0047,0,0,0,legitimate,none,0,1068.1733333333334,1.0646305842996766,0,0,0,4
TX000723,C0093,911.33,2026-01-04 05:24:30,B0473,0,D0201,0,0,0,legitimate,none,0,1295.7766666666666,0.7033079260057675,0,3,1,5
TX000327,C0044,1756.96,2026-01-04 06:00:42,B0212,0,D0100,0,0,0,legitimate,none,0,1202.356,1.461264384258905,0,2,1,6
TX000473,C0065,3661.59,2026-01-04 06:02:15,NEW_B000474,1,D0147,0,0,0,legitimate,none,0,6729.391428571428,0.5441190394206736,0,4,0,6
TX000009,C0001,1245.28,2026-01-04 06:05:41,B0002,0,D0002,0,0,0,legitimate,none,0,1140.3414285714284,1.0920238174281138,0,3,1,6
TX000079,C0010,10205.98,2026-01-04 06:05:47,B0046,0,D0022,0,0,0,legitimate,none,0,9833.07,1.0379240664411014,0,2,1,6
TX000271,C0036,4847.65,2026-01-04 06:20:38,B0175,0,D0082,0,0,0,legitimate,none,0,2157.1549999999997,2.2472423168478852,0,0,0,6
TX000367,C0050,1267.63,2026-01-04 06:30:10,B0256,0,D0114,0,0,0,legitimate,none,0,1253.5133333333333,1.011261680503332,0,2,0,6
TX000305,C0040,4762.12,2026-01-04 06:30:58,B0195,0,D0090,0,0,0,legitimate,none,0,4795.167142857143,0.9931082396353234,0,3,5,6
TX000143,C0018,32729.61,2026-01-04 06:38:30,B0082,0,D0040,0,0,0,legitimate,none,0,61375.645,0.5332670638328934,0,5,4,6
TX000492,C0067,9218.75,2026-01-04 06:38:56,B0341,0,D0151,0,0,0,legitimate,none,0,6620.068333333333,1.39254604874421,0,2,0,6
TX000394,C0056,3034.88,2026-01-04 06:45:47,B0287,0,D0127,0,0,0,legitimate,none,0,2244.4333333333334,1.3521809513908485,0,3,0,6
TX000387,C0055,554.1,2026-01-04 06:56:46,B0286,0,D0124,0,0,0,legitimate,none,0,1813.6,0.30552492280546983,0,0,0,6
TX000482,C0066,1916.71,2026-01-04 06:59:17,NEW_B000483,1,D0148,0,0,0,legitimate,none,0,3340.532857142857,0.5737737307093437,0,1,0,6
TX000364,C0050,1330.92,2026-01-04 07:05:04,B0258,0,D0114,0,0,0,legitimate,none,0,1257.0425,1.0587708848348405,0,3,0,7
TX000646,C0084,58596.77,2026-01-04 07:12:10,B0425,0,D0188,0,0,0,legitimate,none,0,72873.6288888889,0.8040874441609466,0,0,0,7
TX000318,C0043,2496.42,2026-01-04 07:34:12,B0207,0,D0099,0,0,0,legitimate,none,0,2660.54,0.9383132747487353,0,0,2,7
TX000048,C0006,17007.71,2026-01-04 07:39:04,B0025,0,NEW_D000049,1,0,0,legitimate,none,0,12564.448,1.3536376608029257,0,2,0,7
TX000425,C0063,5312.82,2026-01-04 08:06:16,B0320,0,D0141,0,0,0,legitimate,none,0,4719.6900000000005,1.1256713894344754,0,3,4,8
TX000768,C0098,5375.27,2026-01-04 08:07:09,B0491,0,D0210,0,0,0,legitimate,none,0,4266.215333333334,1.2599621866250539,0,4,8,8
TX000334,C0044,1039.04,2026-01-04 08:16:41,B0214,0,NEW_D000335,1,0,0,legitimate,none,0,1294.79,0.8024776218537369,0,3,0,8
TX000378,C0052,3088.21,2026-01-04 08:25:23,B0266,0,D0118,0,0,0,legitimate,none,0,4271.73,0.7229412907650999,0,0,1,8
TX000229,C0030,3434.99,2026-01-04 08:25:32,B0146,0,D0068,0,0,0,legitimate,none,0,4354.8550000000005,0.7887725308879399,0,0,0,8
TX000648,C0084,62778.69,2026-01-04 08:25:53,B0426,0,D0188,0,0,0,legitimate,none,0,71445.943,0.8786879613304286,0,1,3,8
TX000703,C0090,7417.18,2026-01-04 09:06:50,B0464,0,D0197,0,0,0,legitimate,none,0,5430.65,1.3657996740721645,0,0,0,9
TX000787,C0100,9559.15,2026-01-04 09:08:34,B0499,0,D0216,0,0,0,legitimate,none,0,8344.673333333334,1.1455391503242387,0,2,1,9
TX000756,C0098,6282.61,2026-01-04 09:21:41,NEW_B000757,1,D0211,0,0,0,legitimate,none,0,4335.53125,1.4490980776577265,0,5,0,9
TX000152,C0019,7526.83,2026-01-04 10:00:35,NEW_B000153,1,D0043,0,0,0,legitimate,none,0,7941.860000000001,0.9477414610683139,0,2,0,10
TX000608,C0078,12280.57,2026-01-04 10:22:10,B0397,0,D0174,0,0,0,legitimate,none,0,19302.2025,0.6362263581060245,0,0,3,10
TX000712,C0092,3243.05,2026-01-04 10:33:34,B0470,0,D0199,0,0,0,legitimate,none,0,3741.521666666667,0.8667730108026458,0,2,3,10
TX000738,C0094,5922.95,2026-01-04 10:46:35,NEW_B000739,1,D0202,0,0,0,legitimate,none,0,4917.793333333333,1.2043918071655444,0,6,0,10
TX000707,C0091,18675.97,2026-01-04 10:51:27,B0469,0,D0198,0,0,0,legitimate,none,0,35837.56,0.5211283915534429,0,1,1,10
TX000233,C0030,4433.3,2026-01-04 10:56:41,B0143,0,D0068,0,0,0,legitimate,none,0,4170.882,1.0629166684648477,0,1,0,10
TX000445,C0064,14570.69,2026-01-04 11:04:33,B0327,0,D0145,0,0,1,legitimate,none,0,19986.736363636363,0.7290179714638026,0,2,3,11
TX000332,C0044,952.94,2026-01-04 11:07:08,B0211,0,NEW_D000333,1,0,0,legitimate,none,0,1258.2542857142857,0.7573508875108144,0,3,0,11
TX000273,C0036,4565.29,2026-01-04 11:11:15,B0176,0,D0081,0,0,0,legitimate,none,0,3053.986666666666,1.4948624530122379,0,1,0,11
TX000388,C0055,785.44,2026-01-04 11:14:53,B0281,0,D0124,0,0,0,legitimate,none,0,1393.7666666666667,0.5635376557529955,0,1,0,11
TX000250,C0031,618.68,2026-01-04 11:23:10,B0147,0,D0071,0,0,0,legitimate,none,0,551.66,1.1214878729652322,0,0,0,11
TX000505,C0067,5138.09,2026-01-04 11:36:38,B0340,0,D0151,0,0,0,legitimate,none,0,6991.308571428572,0.7349253644729496,0,2,3,11
TX000567,C0075,5231.13,2026-01-04 11:39:44,B0383,0,D0169,0,0,0,legitimate,none,0,14970.156666666668,0.3494372247718628,0,4,1,11
TX000214,C0025,7495.92,2026-01-04 11:40:42,B0110,0,D0056,0,0,0,legitimate,none,0,6966.3825,1.0760132680053098,0,0,1,11
TX000316,C0043,2769.98,2026-01-04 11:49:05,B0208,0,D0097,0,1,0,legitimate,none,0,2605.8333333333335,1.0629920051167252,0,1,0,11
TX000113,C0015,13222.69,2026-01-04 12:02:50,B0062,0,D0031,0,0,0,legitimate,none,0,10211.63,1.2948657560056525,0,0,1,12
TX000014,C0001,617.48,2026-01-04 12:04:37,B0001,0,D0002,0,0,0,legitimate,none,0,1153.45875,0.5353290700686089,0,4,4,12
TX000321,C0043,2832.74,2026-01-04 12:10:58,NEW_B000322,1,D0097,0,0,0,legitimate,none,0,2646.87,1.0702225647651755,0,2,0,12
TX000746,C0096,640.58,2026-01-04 12:42:47,B0486,0,D0206,0,0,0,legitimate,none,0,707.265,0.9057142655157544,0,3,0,12
TX000172,C0020,537.76,2026-01-04 12:48:55,B0088,0,D0045,0,0,0,legitimate,none,0,597.6983333333334,0.8997180852102091,0,2,1,12
TX000341,C0045,3470.48,2026-01-04 13:00:21,B0221,0,D0101,0,0,0,legitimate,none,0,3827.74,0.9066655519967396,0,0,1,13
TX000516,C0070,1322.0,2026-01-04 13:09:55,B0364,0,D0157,0,0,0,legitimate,none,0,1239.72,1.0663698254444551,0,1,0,13
TX000346,C0047,11732.5,2026-01-04 13:17:25,NEW_B000347,1,NEW_D000347,1,0,0,legitimate,none,0,9418.87,1.245637746353862,0,0,0,13
TX000105,C0014,21845.7,2026-01-04 13:24:05,B0058,0,D0029,0,0,0,legitimate,none,0,24533.18,0.8904552936064546,0,1,1,13
TX000763,C0098,6206.48,2026-01-04 13:30:47,B0492,0,D0211,0,0,0,legitimate,none,0,4450.065294117647,1.3946941426239483,0,5,5,13
TX000235,C0030,7186.48,2026-01-04 13:33:43,B0141,0,D0067,0,0,0,legitimate,none,0,4214.618333333333,1.7051318604966603,0,2,1,13
TX000182,C0020,528.93,2026-01-04 13:47:09,B0090,0,D0046,0,0,0,legitimate,none,0,589.1357142857142,0.8978067144364019,0,2,5,13
TX000004,C0001,2111.67,2026-01-04 13:53:40,B0002,0,D0002,0,0,0,legitimate,none,0,1093.9055555555556,1.9303951691949843,0,5,2,13
TX000650,C0084,77147.38,2026-01-04 13:59:27,B0425,0,D0188,0,0,0,legitimate,none,0,70658.01090909091,1.0918419441393328,0,2,1,13
TX000577,C0076,43774.79,2026-01-04 14:00:46,B0387,0,D0170,0,0,0,legitimate,none,0,40555.205,1.0793877136116066,0,1,0,14
TX000795,C0014,21680.4,2026-01-04 14:10:16,FRAUD_B000796,1,FRAUD_D000796,1,1,1,account_takeover,moderate,1,23995.684,0.9035124816612854,0,2,0,14
TX000603,C0078,24711.54,2026-01-04 14:26:11,B0396,0,D0174,0,0,0,legitimate,none,0,18522.021111111113,1.3341708149320637,0,1,4,14
TX000828,C0078,21728.9,2026-01-04 14:27:11,FRAUD_B000829,1,FRAUD_D000829,1,1,1,transfer_burst,easy,1,19140.972999999998,1.1352035238751972,1,2,0,14
TX000427,C0063,3162.57,2026-01-04 14:35:28,B0322,0,D0142,0,0,0,legitimate,none,0,4773.610909090909,0.6625110550960851,0,3,3,14
TX000671,C0085,46813.53,2026-01-04 14:47:23,NEW_B000672,1,D0190,0,0,0,legitimate,none,0,30950.833999999995,1.5125127161355332,0,1,0,14
TX000082,C0011,17965.86,2026-01-04 15:02:14,B0052,0,D0023,0,0,0,legitimate,none,0,22052.895,0.8146712710508076,0,0,1,15
TX000153,C0019,5427.23,2026-01-04 15:20:18,B0084,0,D0041,0,0,0,legitimate,none,0,7889.98125,0.6878634851001705,0,2,1,15
TX000102,C0014,20059.5,2026-01-04 15:49:24,B0061,0,NEW_D000103,1,0,0,legitimate,none,0,23609.803333333333,0.8496258828077207,0,3,2,15
TX000159,C0019,4381.43,2026-01-04 16:19:37,B0084,0,D0042,0,0,0,legitimate,none,0,7616.3422222222225,0.5752669552080117,0,3,2,16
TX000535,C0074,72748.33,2026-01-04 16:26:22,NEW_B000536,1,D0166,0,0,0,legitimate,none,0,79868.22857142857,0.9108544323721788,0,0,0,16
TX000543,C0074,104805.93,2026-01-04 16:33:43,NEW_B000544,1,D0166,0,0,0,legitimate,none,0,78978.24125,1.32702283997746,1,1,0,16
TX000353,C0049,4074.11,2026-01-04 16:35:03,B0249,0,D0110,0,0,0,legitimate,none,0,3312.482,1.2299266833751852,0,1,1,16
TX000637,C0082,4270.12,2026-01-04 16:36:06,B0417,0,D0185,0,0,0,legitimate,none,0,4556.676,0.9371129305660528,0,0,2,16
TX000008,C0001,1783.12,2026-01-04 16:42:43,B0001,0,D0001,0,0,0,legitimate,none,0,1195.682,1.4912995261281845,0,5,5,16
TX000093,C0013,13176.18,2026-01-04 16:45:05,B0056,0,D0028,0,0,0,legitimate,none,0,15112.286666666667,0.8718852606907492,0,0,2,16
TX000097,C0013,18174.55,2026-01-04 16:52:08,B0056,0,D0027,0,0,1,legitimate,none,0,14628.26,1.242427329019309,1,1,3,16
TX000600,C0078,21816.99,2026-01-04 17:00:18,B0397,0,NEW_D000601,1,0,0,legitimate,none,0,19376.23909090909,1.1259661845438345,0,3,4,17
TX000086,C0011,13784.7,2026-01-04 17:05:27,B0049,0,D0024,0,0,0,legitimate,none,0,20690.55,0.6662316854796031,0,1,0,17
TX000007,C0001,2136.1,2026-01-04 17:19:48,B0002,0,D0001,0,0,0,legitimate,none,0,1249.0854545454545,1.7101311941682424,0,6,3,17
TX000021,C0002,6828.6,2026-01-04 17:27:47,B0005,0,D0004,0,0,0,legitimate,none,0,3762.51,1.8149054753342848,0,0,0,17
TX000557,C0075,11493.4,2026-01-04 17:31:05,B0384,0,D0167,0,0,1,legitimate,none,0,13996.254,0.821176866324375,0,2,4,17
TX000016,C0001,1204.92,2026-01-04 17:40:57,B0001,0,D0002,0,0,0,legitimate,none,0,1323.0033333333333,0.9107460046711902,0,7,6,17
TX000423,C0063,4118.6,2026-01-04 17:47:37,B0321,0,D0140,0,0,0,legitimate,none,0,4639.3575,0.887752237244058,0,4,3,17
TX000300,C0040,5697.36,2026-01-04 17:52:03,B0195,0,D0091,0,0,0,legitimate,none,0,4792.964000000001,1.1886924249796156,0,1,6,17
TX000091,C0012,1731.34,2026-01-04 17:53:18,B0053,0,D0025,0,0,0,legitimate,none,0,1941.39,0.8918043257665899,0,0,0,17
TX000775,C0099,1737.18,2026-01-04 18:01:11,B0495,0,D0214,0,0,0,legitimate,none,0,1464.07,1.1865416271079936,0,0,0,18
TX000784,C0100,9046.85,2026-01-04 18:12:30,B0503,0,NEW_D000785,1,0,0,legitimate,none,0,8648.2925,1.046085108707875,0,1,0,18
TX000365,C0050,1433.7,2026-01-04 18:27:20,B0255,0,D0114,0,0,0,legitimate,none,0,1271.818,1.1272839352800479,0,3,0,18
TX000524,C0072,77573.4,2026-01-04 18:39:36,B0371,0,D0162,0,0,0,legitimate,none,0,66235.27,1.1711796449233163,0,0,0,18
TX000669,C0085,6975.52,2026-01-04 18:42:23,B0436,0,D0189,0,0,0,legitimate,none,0,33594.61666666667,0.20763802930727493,0,2,0,18
TX000855,C0057,6090.39,2026-01-04 18:47:00,FRAUD_B000856,1,D0129,0,1,1,new_beneficiary,moderate,1,4943.04,1.2321142454845602,0,1,0,18
TX000661,C0084,52835.17,2026-01-04 18:56:24,NEW_B000662,1,D0188,0,1,1,legitimate,none,0,71198.79166666667,0.7420795881952584,0,3,0,18
TX000654,C0084,42633.25,2026-01-04 18:59:58,B0425,0,D0188,0,0,0,legitimate,none,0,69786.20538461539,0.6109122822344866,1,4,2,18
TX000315,C0043,3830.69,2026-01-04 19:03:55,B0208,0,NEW_D000316,1,0,0,legitimate,none,0,2684.044,1.4272083468080257,0,3,1,19
TX000683,C0085,28713.35,2026-01-04 19:05:48,B0434,0,D0190,0,0,0,legitimate,none,0,29791.88857142857,0.9637975763489217,0,3,0,19
TX000429,C0063,5864.37,2026-01-04 19:16:09,B0320,0,D0140,0,0,0,legitimate,none,0,4599.299230769231,1.2750572871552839,0,5,5,19
TX000081,C0010,9277.98,2026-01-04 19:17:13,B0045,0,D0022,0,0,0,legitimate,none,0,9907.651999999998,0.9364458905096789,0,1,0,19
TX000028,C0002,5277.68,2026-01-04 19:19:36,B0007,0,NEW_D000029,1,0,0,legitimate,none,0,4375.728,1.2061261577502076,0,1,1,19
TX000840,C0024,55160.7,2026-01-04 19:33:48,FRAUD_B000841,1,FRAUD_D000841,1,1,1,account_takeover,easy,1,58131.0725,0.9489021555554474,0,2,0,19
TX000636,C0082,1724.36,2026-01-04 19:36:32,NEW_B000637,1,D0186,0,0,0,legitimate,none,0,4530.625454545454,0.380600872285745,0,1,0,19
TX000467,C0065,7949.95,2026-01-04 20:02:59,B0332,0,D0146,0,0,0,legitimate,none,0,6345.91625,1.252766296750292,0,2,1,20
TX000437,C0063,6625.75,2026-01-04 20:15:47,NEW_B000438,1,D0142,0,0,0,legitimate,none,0,4689.661428571429,1.4128418652214614,0,5,0,20
TX000531,C0074,107757.33,2026-01-04 20:24:22,B0379,0,D0166,0,0,0,legitimate,none,0,81847.98444444445,1.3165544726778449,0,2,0,20
TX000006,C0001,1347.61,2026-01-04 20:26:03,B0002,0,D0001,0,0,0,legitimate,none,0,1313.9199999999998,1.025640830491963,0,7,4,20
TX000514,C0069,59992.37,2026-01-04 20:39:22,B0355,0,D0156,0,0,0,legitimate,none,0,82437.58,0.727730847994325,0,0,0,20
TX000595,C0078,25698.93,2026-01-04 20:59:20,B0397,0,D0174,0,0,0,legitimate,none,0,19579.635,1.3125336606121616,0,4,5,20
TX000136,C0018,92607.95,2026-01-04 21:01:05,NEW_B000137,1,D0038,0,0,0,legitimate,none,0,58771.46000000001,1.575729954641249,0,2,0,21
TX000314,C0043,3424.43,2026-01-04 21:03:55,B0207,0,D0097,0,0,0,legitimate,none,0,2875.1516666666666,1.1910432551094405,0,4,3,21
TX000231,C0030,3415.23,2026-01-04 21:17:20,B0143,0,D0067,0,0,0,legitimate,none,0,4639.17,0.7361726343289856,0,3,1,21
TX000690,C0088,19000.75,2026-01-04 21:19:39,B0455,0,D0195,0,0,0,legitimate,none,0,17755.81,1.0701145146292959,0,0,3,21
TX000483,C0066,1392.02,2026-01-04 21:44:20,B0337,0,D0148,0,0,0,legitimate,none,0,3162.5550000000003,0.4401567719770881,0,1,4,21
TX000481,C0066,2583.85,2026-01-04 21:45:41,B0339,0,D0148,0,0,0,legitimate,none,0,2965.8288888888887,0.8712067003191164,1,2,0,21
TX000283,C0039,87115.71,2026-01-04 21:50:55,B0191,0,D0088,0,0,0,legitimate,none,0,61333.39333333333,1.4203634474705407,0,0,1,21
TX000579,C0076,22749.33,2026-01-04 21:51:51,B0386,0,D0170,0,0,0,legitimate,none,0,41199.122,0.5521799712139497,0,1,3,21
TX000847,C0078,16808.17,2026-01-04 21:54:44,B0395,0,FRAUD_D000848,1,0,0,new_device,moderate,1,20050.35,0.8382980845720898,0,5,1,21
TX000850,C0055,3048.21,2026-01-04 22:01:10,FRAUD_B000851,1,FRAUD_D000851,1,1,1,abnormal_amount,easy,1,1241.685,2.4548979813720875,0,2,0,22
TX000470,C0065,5553.42,2026-01-04 22:02:16,B0333,0,D0147,0,0,0,legitimate,none,0,6524.142222222222,0.8512107509067178,0,3,3,22
TX000347,C0047,6203.73,2026-01-04 22:19:53,B0238,0,D0106,0,0,0,legitimate,none,0,10575.685000000001,0.5866031372908704,0,1,0,22
TX000417,C0061,2760.43,2026-01-04 22:34:46,B0315,0,D0135,0,0,0,legitimate,none,0,2338.745,1.1803039664435413,0,0,1,22
TX000041,C0005,22120.59,2026-01-04 22:47:56,B0019,0,D0011,0,0,0,legitimate,none,0,14558.130000000001,1.519466442462047,0,0,0,22
TX000539,C0074,117732.95,2026-01-04 22:55:02,B0376,0,NEW_D000540,1,0,0,legitimate,none,0,84438.919,1.3942972197453167,0,3,1,22
TX000360,C0050,893.01,2026-01-05 00:02:43,B0260,0,D0112,0,0,0,legitimate,none,0,1298.7983333333334,0.6875663273359092,0,3,1,0
TX000369,C0051,84596.66,2026-01-05 01:13:47,B0264,0,D0115,0,0,0,legitimate,none,0,93635.21,0.903470606836894,0,0,0,1
TX000500,C0067,3735.81,2026-01-05 02:02:21,B0341,0,D0150,0,0,0,legitimate,none,0,6759.65625,0.5526627186108761,0,2,1,2
TX000818,C0034,23858.01,2026-01-05 02:27:46,FRAUD_B000819,1,FRAUD_D000819,1,1,1,new_beneficiary,easy,1,16047.425,1.4867188972685648,0,0,0,2
TX000811,C0058,28323.5,2026-01-05 03:19:15,FRAUD_B000812,1,FRAUD_D000812,1,1,1,new_beneficiary,easy,1,20026.245,1.4143190598137594,0,0,0,3
TX000405,C0059,3852.84,2026-01-05 03:52:50,B0303,0,NEW_D000406,1,0,0,legitimate,none,0,4001.97,0.9627358525925982,0,0,2,3
TX000578,C0076,50339.89,2026-01-05 03:57:00,B0386,0,D0170,0,0,0,legitimate,none,0,38124.15666666667,1.320419765350875,0,2,4,3
TX000013,C0001,1554.63,2026-01-05 04:07:49,B0002,0,D0001,0,0,0,legitimate,none,0,1316.3264285714286,1.1810368357392897,0,7,5,4
TX000187,C0022,3795.35,2026-01-05 04:31:01,B0100,0,D0050,0,0,0,legitimate,none,0,3250.9,1.1674766987603433,0,0,0,4
TX000245,C0030,2798.66,2026-01-05 05:09:34,B0145,0,D0067,0,0,0,legitimate,none,0,4486.1775,0.6238406750513104,0,4,0,5
TX000790,C0071,4235.4,2026-01-05 05:29:29,B0370,0,FRAUD_D000791,1,0,0,anomalous_hour,moderate,1,2633.5099999999998,1.6082718501163846,0,0,1,5
TX000411,C0060,26251.69,2026-01-05 05:30:23,B0311,0,D0134,0,0,0,legitimate,none,0,22698.436666666665,1.156541764770584,0,0,0,5
TX000695,C0088,19749.38,2026-01-05 05:55:31,B0450,0,D0195,0,0,0,legitimate,none,0,17880.304,1.1045326746122437,0,1,0,5
TX000251,C0031,342.99,2026-01-05 06:15:02,B0150,0,D0069,0,0,0,legitimate,none,0,618.68,0.5543899915950088,0,1,0,6
TX000750,C0096,473.3,2026-01-05 06:25:12,B0485,0,NEW_D000751,1,0,0,legitimate,none,0,693.928,0.6820592338110005,0,1,3,6
TX000800,C0090,42907.1,2026-01-05 06:28:44,B0464,0,D0197,0,0,0,abnormal_amount,hard,1,6423.915,6.679275799882159,0,1,1,6
TX000581,C0076,45036.68,2026-01-05 06:29:29,B0389,0,D0170,0,0,0,legitimate,none,0,39869.26142857143,1.129609086957539,0,3,0,6
TX000131,C0017,2668.08,2026-01-05 06:31:56,B0078,0,D0036,0,0,0,legitimate,none,0,4988.92,0.5348011192803251,0,0,0,6
TX000240,C0030,5491.95,2026-01-05 06:54:54,B0143,0,D0067,0,0,0,legitimate,none,0,4298.675555555556,1.2775911857088798,0,5,2,6
TX000114,C0015,22585.79,2026-01-05 07:48:41,B0064,0,D0031,0,0,0,legitimate,none,0,10964.395,2.0599212268437976,0,1,0,7
TX000208,C0024,65395.64,2026-01-05 08:06:49,B0109,0,D0054,0,0,0,legitimate,none,0,57801.031111111115,1.1313922735096151,0,1,6,8
TX000178,C0020,1022.5,2026-01-05 08:12:51,B0090,0,D0044,0,0,0,legitimate,none,0,581.61,1.758050927597531,0,2,6,8
TX000269,C0035,8971.94,2026-01-05 08:17:24,B0168,0,D0080,0,0,0,legitimate,none,0,7858.568333333334,1.1416761449975728,0,0,2,8
TX000371,C0051,82792.64,2026-01-05 08:18:42,B0262,0,D0115,0,0,0,legitimate,none,0,91375.5725,0.9060697266766783,0,1,2,8
TX000622,C0082,3908.81,2026-01-05 08:20:31,B0419,0,D0186,0,0,0,legitimate,none,0,4296.7699999999995,0.909708920887085,0,2,1,8
TX000663,C0084,63191.11,2026-01-05 08:23:10,NEW_B000664,1,D0188,0,0,0,legitimate,none,0,67846.70857142858,0.9313806274547984,0,4,0,8
TX000230,C0030,5265.18,2026-01-05 08:46:29,B0146,0,D0067,0,0,0,legitimate,none,0,4418.003,1.1917556416326565,0,5,1,8
TX000753,C0096,579.13,2026-01-05 08:49:38,B0485,0,D0206,0,0,0,legitimate,none,0,657.1566666666666,0.8812662632451927,0,2,4,8
TX000776,C0100,4044.35,2026-01-05 08:50:17,NEW_B000777,1,D0216,0,0,0,legitimate,none,0,8728.003999999999,0.463376277096115,0,2,0,8
TX000339,C0044,1465.46,2026-01-05 08:50:38,NEW_B000340,1,D0100,0,0,0,legitimate,none,0,1220.09,1.2011081149751248,0,1,0,8
TX000391,C0056,1430.78,2026-01-05 09:05:30,B0287,0,D0128,0,0,0,legitimate,none,0,2442.045,0.5858941993288411,0,0,1,9
TX000562,C0075,21844.95,2026-01-05 09:07:31,B0385,0,D0167,0,0,0,legitimate,none,0,13768.721818181819,1.5865633926275853,0,2,4,9
TX000362,C0050,1733.95,2026-01-05 09:10:49,B0254,0,D0112,0,0,0,legitimate,none,0,1240.8285714285714,1.397413018950471,0,2,1,9
TX000512,C0068,3863.59,2026-01-05 09:13:34,B0349,0,D0153,0,0,0,legitimate,none,0,3384.7183333333337,1.141480507240632,0,0,1,9
TX000689,C0088,20342.19,2026-01-05 09:27:34,B0456,0,D0195,0,0,0,legitimate,none,0,18050.22,1.1269773997214436,0,2,0,9
TX000335,C0044,1685.38,2026-01-05 09:27:42,B0218,0,D0100,0,0,0,legitimate,none,0,1247.3533333333335,1.3511648664104798,0,2,0,9
TX000720,C0092,3282.9,2026-01-05 09:38:54,B0470,0,D0199,0,0,0,legitimate,none,0,3670.3114285714287,0.8944472598276986,0,1,4,9
TX000621,C0082,2612.37,2026-01-05 09:48:20,B0417,0,D0186,0,0,0,legitimate,none,0,4266.926923076923,0.6122368737724231,0,3,3,9
TX000328,C0044,1613.61,2026-01-05 09:57:16,B0218,0,NEW_D000329,1,0,0,legitimate,none,0,1291.156,1.2497405425835453,0,3,1,9
TX000324,C0043,4480.52,2026-01-05 10:13:44,B0207,0,D0099,0,0,0,legitimate,none,0,2953.62,1.5169588504953246,0,4,4,10
TX000325,C0043,1921.88,2026-01-05 10:26:53,B0207,0,D0097,0,0,0,legitimate,none,0,3144.4825,0.6111911896472632,0,5,5,10
TX000161,C0019,4824.52,2026-01-05 10:30:09,B0086,0,D0043,0,0,0,legitimate,none,0,7292.851,0.6615410077622593,0,2,1,10
TX000477,C0066,3151.72,2026-01-05 10:37:34,B0337,0,D0149,0,0,0,legitimate,none,0,2927.6310000000003,1.0765427746871103,0,2,5,10
TX000386,C0054,16311.23,2026-01-05 10:40:32,B0274,0,D0123,0,0,0,legitimate,none,0,12879.5525,1.266443845778027,0,0,2,10
TX000808,C0002,3636.17,2026-01-05 10:40:44,FRAUD_B000809,1,FRAUD_D000809,1,1,1,new_device,easy,1,4526.053333333333,0.8033864676804515,0,2,0,10
TX000156,C0019,5357.01,2026-01-05 10:54:32,B0085,0,D0042,0,0,0,legitimate,none,0,7068.4572727272725,0.757875416559329,0,3,3,10
TX000528,C0074,91737.01,2026-01-05 11:30:08,B0379,0,D0166,0,0,0,legitimate,none,0,87465.6490909091,1.0488347248718337,0,4,1,11
TX000336,C0044,1246.4,2026-01-05 11:32:54,B0218,0,D0100,0,0,0,legitimate,none,0,1320.47,0.9439063363802283,0,3,2,11
TX000454,C0064,27558.9,2026-01-05 11:34:38,B0328,0,D0145,0,0,0,legitimate,none,0,19535.399166666666,1.4107159912567269,0,0,2,11
TX000174,C0020,784.89,2026-01-05 11:40:43,B0089,0,D0045,0,0,0,legitimate,none,0,630.5977777777778,1.2446761274134948,0,3,0,11
TX000618,C0082,4170.06,2026-01-05 11:54:32,B0418,0,D0185,0,0,0,legitimate,none,0,4148.744285714286,1.0051378713214774,0,4,3,11
TX000585,C0076,43115.54,2026-01-05 12:08:21,B0386,0,D0170,0,0,0,legitimate,none,0,40515.18875,1.0641821334227402,0,4,5,12
TX000447,C0064,26571.79,2026-01-05 12:33:43,B0325,0,D0144,0,0,0,legitimate,none,0,20152.59153846154,1.3185296764084817,0,1,1,12
TX000504,C0067,7462.49,2026-01-05 12:36:43,B0342,0,D0150,0,0,0,legitimate,none,0,6423.673333333333,1.1617169200177262,0,1,0,12
TX000551,C0075,13812.48,2026-01-05 12:39:41,B0384,0,D0167,0,0,0,legitimate,none,0,14441.740833333335,0.9564276328875171,0,2,5,12
TX000583,C0076,48646.23,2026-01-05 12:50:43,B0388,0,D0170,0,0,0,legitimate,none,0,40804.11666666667,1.1921892684847566,0,5,0,12
TX000274,C0036,3394.72,2026-01-05 12:53:51,B0178,0,D0081,0,0,0,legitimate,none,0,3431.8125,0.9891915715092243,0,0,0,12
TX000488,C0066,1815.14,2026-01-05 12:56:29,B0338,0,D0148,0,0,0,legitimate,none,0,2948.002727272727,0.6157185619971365,0,3,0,12
TX000301,C0040,3600.36,2026-01-05 12:56:53,B0195,0,D0091,0,0,0,legitimate,none,0,4849.48875,0.742420528349509,0,1,7,12
TX000758,C0098,3705.05,2026-01-05 13:08:51,B0491,0,D0211,0,0,0,legitimate,none,0,4547.643888888889,0.8147185862667103,0,1,9,13
TX000841,C0056,1631.92,2026-01-05 13:21:23,B0288,0,D0127,0,1,1,anomalous_context,moderate,1,2239.7920000000004,0.7286033703129575,0,1,1,13
TX000061,C0008,12139.06,2026-01-05 13:41:04,B0036,0,D0018,0,0,0,legitimate,none,0,15856.775,0.7655440655492683,0,0,0,13
TX000412,C0060,14334.39,2026-01-05 13:48:36,B0310,0,D0134,0,0,0,legitimate,none,0,23586.75,0.6077306114661833,0,1,0,13
TX000493,C0067,6532.43,2026-01-05 13:56:35,B0341,0,D0150,0,0,0,legitimate,none,0,6527.555,1.0007468339983348,0,2,2,13
TX000662,C0084,53348.33,2026-01-05 13:58:05,NEW_B000663,1,D0188,0,0,0,legitimate,none,0,67536.33533333334,0.7899204144952964,0,4,0,13
TX000560,C0075,11762.48,2026-01-05 13:59:04,B0383,0,D0167,0,0,0,legitimate,none,0,14393.336153846154,0.8172170700575806,0,3,2,13
TX000536,C0074,91718.39,2026-01-05 14:03:40,B0377,0,D0166,0,0,0,legitimate,none,0,87821.59583333333,1.0443717075474461,0,5,3,14
TX000147,C0018,39756.51,2026-01-05 14:39:30,B0082,0,D0039,0,0,0,legitimate,none,0,61591.1675,0.6454904430899122,0,1,5,14
TX000499,C0067,4707.2,2026-01-05 15:12:00,B0343,0,D0150,0,0,0,legitimate,none,0,6527.998181818181,0.7210786322077296,0,3,2,15
TX000308,C0040,3941.7,2026-01-05 15:43:06,B0196,0,NEW_D000309,1,0,0,legitimate,none,0,4776.010588235294,0.8253122406616007,0,2,9,15
TX000165,C0020,917.8,2026-01-05 15:46:01,B0088,0,D0046,0,0,0,legitimate,none,0,646.0269999999999,1.420683655636684,0,2,2,15
TX000217,C0025,4816.74,2026-01-05 15:58:39,B0111,0,D0056,0,0,0,legitimate,none,0,7072.289999999999,0.681072184539944,0,0,1,15
TX000173,C0020,695.55,2026-01-05 16:15:19,B0090,0,D0045,0,0,0,legitimate,none,0,670.7336363636364,1.0369988357388855,0,3,7,16
TX000146,C0018,78041.23,2026-01-05 16:42:30,B0083,0,NEW_D000147,1,0,0,legitimate,none,0,59911.57846153846,1.302606808300006,0,2,5,16
TX000226,C0029,129790.78,2026-01-05 16:45:18,B0138,0,NEW_D000227,1,0,0,legitimate,none,0,94246.59999999999,1.3771401833063475,0,0,0,16
TX000199,C0024,57651.47,2026-01-05 16:55:24,B0109,0,D0054,0,0,0,legitimate,none,0,58560.492000000006,0.9844772137501849,0,2,7,16
TX000532,C0074,45355.87,2026-01-05 17:02:02,B0381,0,D0166,0,0,0,legitimate,none,0,88121.34923076924,0.5146978614821656,0,4,1,17
TX000084,C0011,13704.31,2026-01-05 17:04:25,B0048,0,D0024,0,0,0,legitimate,none,0,18964.0875,0.7226453685156219,0,1,0,17
TX000094,C0013,15050.95,2026-01-05 17:23:58,B0057,0,D0028,0,0,0,legitimate,none,0,15337.518,0.9813158817482724,0,0,1,17
TX000255,C0033,10140.53,2026-01-05 17:37:31,NEW_B000256,1,D0075,0,0,0,legitimate,none,0,19818.244,0.5116765138223145,0,0,0,17
TX000651,C0084,99217.3,2026-01-05 17:44:07,B0428,0,D0188,0,0,0,legitimate,none,0,66649.585,1.488640927021526,0,4,0,17
TX000443,C0063,1690.36,2026-01-05 17:51:57,B0320,0,D0141,0,0,0,legitimate,none,0,4818.7339999999995,0.35078923219252195,0,2,6,17
TX000558,C0075,11715.73,2026-01-05 18:04:50,B0384,0,D0168,0,0,1,legitimate,none,0,14205.417857142858,0.8247367390258796,0,3,6,18
TX000352,C0049,4674.58,2026-01-05 18:15:32,B0253,0,D0111,0,0,0,legitimate,none,0,3439.42,1.3591186886161037,0,0,0,18
TX000574,C0076,38197.5,2026-01-05 18:23:08,B0387,0,D0170,0,0,0,legitimate,none,0,41588.328,0.9184668352139571,0,5,1,18
TX000755,C0097,30645.73,2026-01-05 18:25:06,B0490,0,D0208,0,0,0,legitimate,none,0,56395.03,0.5434118928565159,0,0,1,18
TX000043,C0005,17480.5,2026-01-05 18:29:59,B0019,0,NEW_D000044,1,0,0,legitimate,none,0,17078.95,1.0235113985344533,0,1,1,18
TX000072,C0010,14515.54,2026-01-05 18:38:33,B0047,0,D0022,0,0,0,legitimate,none,0,9802.706666666667,1.4807685768420422,0,1,3,18
TX000382,C0053,3283.86,2026-01-05 18:41:24,B0271,0,D0119,0,0,0,legitimate,none,0,3078.6220000000003,1.0666655406217456,0,0,1,18
TX000158,C0019,7787.39,2026-01-05 18:42:06,B0085,0,D0041,0,1,0,legitimate,none,0,6925.836666666667,1.124397004260857,0,2,4,18
TX000194,C0023,2545.42,2026-01-05 18:43:57,B0104,0,D0053,0,0,0,legitimate,none,0,4569.833333333333,0.5570049965352494,0,0,0,18
TX000085,C0011,12291.44,2026-01-05 18:45:40,B0048,0,D0024,0,0,0,legitimate,none,0,17912.132,0.6862075379971518,0,1,1,18
TX000270,C0035,10741.92,2026-01-05 18:50:45,B0170,0,D0079,0,0,0,legitimate,none,0,8017.621428571429,1.3397888757531402,0,1,2,18
TX000252,C0031,703.56,2026-01-05 19:14:20,B0152,0,D0069,0,0,0,legitimate,none,0,480.835,1.4632046336061226,0,1,0,19
TX000244,C0030,5509.43,2026-01-05 19:44:25,B0145,0,D0067,0,0,0,legitimate,none,0,4495.019090909091,1.225674438433976,0,4,1,19
TX000126,C0016,2464.06,2026-01-05 19:52:36,B0071,0,D0033,0,0,0,legitimate,none,0,1568.2933333333333,1.5711729098297937,0,0,1,19
TX000181,C0020,845.67,2026-01-05 20:06:51,NEW_B000182,1,D0045,0,0,0,legitimate,none,0,672.8016666666666,1.2569380277991782,0,4,0,20
TX000333,C0044,1333.58,2026-01-05 20:11:39,B0216,0,D0100,0,0,0,legitimate,none,0,1314.2975,1.014671335827695,0,4,2,20
TX000629,C0082,3481.7,2026-01-05 20:12:18,B0420,0,D0186,0,0,0,legitimate,none,0,4150.165333333333,0.8389304329723088,0,3,1,20
TX000003,C0001,1731.05,2026-01-05 20:39:52,B0002,0,D0002,0,0,0,legitimate,none,0,1332.2133333333334,1.299378978341807,0,1,6,20
TX000684,C0086,1732.99,2026-01-05 20:43:14,B0439,0,D0192,0,0,0,legitimate,none,0,1606.92,1.0784544345704825,0,0,1,20
TX000711,C0092,3551.4,2026-01-05 20:44:22,B0471,0,D0199,0,0,0,legitimate,none,0,3621.885,0.9805391391499177,0,1,3,20
TX000806,C0086,1642.03,2026-01-05 20:46:14,FRAUD_B000807,1,D0192,0,1,1,transfer_burst,moderate,1,1669.955,0.9832779925207565,1,1,0,20
TX000125,C0016,1748.73,2026-01-05 20:51:35,B0067,0,D0033,0,0,0,legitimate,none,0,1696.26,1.0309327579498426,0,1,2,20
TX000344,C0046,19002.13,2026-01-05 21:00:33,B0230,0,D0103,0,0,0,legitimate,none,0,24053.010000000002,0.790010481016721,0,0,0,21
TX000287,C0040,4573.96,2026-01-05 21:09:03,B0196,0,D0091,0,0,1,legitimate,none,0,4729.66,0.9670800860949836,0,2,10,21
TX000122,C0016,1081.28,2026-01-05 21:12:07,B0067,0,D0034,0,0,0,legitimate,none,0,1702.81875,0.6349941824401453,0,2,3,21
TX000642,C0083,3708.92,2026-01-05 21:13:42,NEW_B000643,1,D0187,0,0,0,legitimate,none,0,1515.03,2.4480835362996114,0,0,0,21
TX000640,C0083,1511.23,2026-01-05 21:27:13,B0421,0,D0187,0,0,0,legitimate,none,0,2611.975,0.5785775131844677,0,1,1,21
TX000338,C0044,1178.21,2026-01-05 21:28:20,B0218,0,D0100,0,0,0,legitimate,none,0,1315.7807692307692,0.8954455237165415,0,5,3,21
TX000772,C0098,2918.05,2026-01-05 21:30:17,B0491,0,D0210,0,0,0,legitimate,none,0,4503.296842105263,0.647980824341091,0,1,10,21
TX000163,C0020,959.5,2026-01-05 22:12:36,B0088,0,D0046,0,0,0,legitimate,none,0,686.0992307692306,1.3984857539109057,0,5,3,22
TX000070,C0010,8010.24,2026-01-05 22:19:29,B0045,0,D0022,0,0,0,legitimate,none,0,10475.968571428572,0.7646300144357603,0,1,1,22
TX000771,C0098,4255.75,2026-01-05 22:24:48,B0492,0,D0211,0,0,0,legitimate,none,0,4424.0345,0.9619613047773475,0,2,6,22
TX000848,C0011,13941.23,2026-01-05 22:32:02,B0052,0,D0023,0,0,0,account_takeover,hard,1,16975.350000000002,0.8212631845587866,0,2,2,22
TX000110,C0014,22443.76,2026-01-05 22:35:01,B0061,0,D0030,0,0,0,legitimate,none,0,23102.617142857143,0.9714812768275108,0,0,3,22
TX000390,C0056,1619.71,2026-01-05 22:43:26,B0287,0,D0128,0,0,0,legitimate,none,0,2138.48,0.7574118065167783,0,2,2,22
TX000747,C0096,864.74,2026-01-05 22:46:50,B0485,0,NEW_D000748,1,0,0,legitimate,none,0,646.01,1.3385860899986068,0,2,5,22
TX000046,C0005,14198.12,2026-01-05 23:46:09,B0019,0,D0011,0,0,0,legitimate,none,0,17179.3375,0.8264649320731955,0,1,2,23
TX000253,C0032,6126.38,2026-01-06 00:14:51,B0154,0,NEW_D000254,1,0,0,legitimate,none,0,14390.08,0.42573634059018434,0,0,0,0
TX000219,C0025,5357.5,2026-01-06 00:35:10,B0111,0,D0057,0,0,0,legitimate,none,0,6696.365000000001,0.8000609285784153,0,1,2,0
TX000509,C0068,3979.81,2026-01-06 00:46:02,B0345,0,D0152,0,0,0,legitimate,none,0,3453.128571428572,1.1525229708876834,0,1,1,0
TX000832,C0055,363.82,2026-01-06 00:48:56,B0285,0,D0124,0,0,1,anomalous_hour,moderate,1,1602.99,0.22696336221685726,0,0,0,0
TX000813,C0016,1086.01,2026-01-06 01:15:59,FRAUD_B000814,1,FRAUD_D000814,1,1,1,anomalous_context,easy,1,1633.7588888888888,0.6647308898429866,0,3,0,1
TX000123,C0016,2112.7,2026-01-06 01:42:22,B0070,0,D0032,0,0,0,legitimate,none,0,1578.984,1.3380122914481716,0,4,0,1
TX000155,C0019,7417.66,2026-01-06 01:56:02,B0084,0,D0042,0,0,0,legitimate,none,0,6992.110000000001,1.0608614566990506,0,3,3,1
TX000063,C0009,1130.4,2026-01-06 02:37:47,B0042,0,D0020,0,0,0,legitimate,none,0,1439.6100000000001,0.7852126617625607,0,0,0,2
TX000279,C0038,13982.1,2026-01-06 02:54:49,NEW_B000280,1,D0087,0,0,0,legitimate,none,0,13695.31,1.0209407454084647,0,0,0,2
TX000609,C0079,4208.19,2026-01-06 03:12:49,B0400,0,D0176,0,0,0,legitimate,none,0,8850.543333333333,0.47547250394796853,0,0,0,3
TX000521,C0071,1317.22,2026-01-06 03:53:31,B0370,0,D0160,0,0,0,legitimate,none,0,3033.9825,0.4341554376137634,0,1,2,3
TX000167,C0020,887.62,2026-01-06 04:26:23,NEW_B000168,1,D0045,0,0,0,legitimate,none,0,705.6278571428571,1.2579151900182108,0,6,0,4
TX000088,C0012,1848.26,2026-01-06 04:52:09,B0053,0,D0025,0,0,0,legitimate,none,0,1836.365,1.006477470437522,0,0,1,4
TX000752,C0096,486.81,2026-01-06 05:16:15,B0486,0,NEW_D000753,1,0,0,legitimate,none,0,673.3512499999999,0.7229659111793437,0,3,1,5
TX000066,C0010,13973.83,2026-01-06 06:03:50,B0045,0,D0022,0,0,0,legitimate,none,0,10167.7525,1.3743282991988641,0,2,2,6
TX000676,C0085,26124.01,2026-01-06 06:33:49,B0435,0,D0189,0,0,0,legitimate,none,0,29657.07125,0.8808695160686171,0,0,2,6
TX000247,C0030,3750.36,2026-01-06 06:45:08,B0142,0,D0068,0,0,0,legitimate,none,0,4579.553333333333,0.8189357622941393,0,3,0,6
TX000833,C0035,10728.84,2026-01-06 06:59:47,FRAUD_B000834,1,FRAUD_D000834,1,0,0,new_beneficiary,moderate,1,8358.15875,1.2836367818450445,0,2,0,6
TX000673,C0085,30572.15,2026-01-06 07:12:09,B0433,0,D0190,0,0,0,legitimate,none,0,29264.50888888889,1.044683514631185,0,1,1,7
TX000166,C0020,800.19,2026-01-06 07:59:57,B0089,0,D0045,0,0,0,legitimate,none,0,717.7606666666667,1.114842366211207,0,7,1,7
TX000029,C0002,3888.42,2026-01-06 08:10:15,B0003,0,D0004,0,0,0,legitimate,none,0,4398.927142857143,0.8839473520978655,0,1,0,8
TX000313,C0043,3434.26,2026-01-06 08:14:22,B0209,0,D0098,0,0,0,legitimate,none,0,3008.637777777778,1.1414667546109831,0,2,0,8
TX000212,C0025,8406.74,2026-01-06 08:19:02,B0110,0,D0057,0,0,0,legitimate,none,0,6505.098571428572,1.292330916694136,0,2,2,8
TX000366,C0050,1044.81,2026-01-06 08:22:59,B0258,0,D0113,0,0,0,legitimate,none,0,1302.46875,0.8021766357158281,0,1,1,8
TX000129,C0016,1531.39,2026-01-06 08:32:41,B0068,0,D0034,0,0,0,legitimate,none,0,1627.5036363636364,0.9409441341843113,0,5,1,8
TX000190,C0023,2217.29,2026-01-06 08:41:54,B0101,0,D0053,0,0,0,legitimate,none,0,4063.73,0.5456292617865852,0,1,0,8
TX000376,C0051,63268.21,2026-01-06 08:46:04,B0264,0,D0115,0,0,0,legitimate,none,0,89658.986,0.7056538649678683,0,0,1,8
TX000164,C0020,536.72,2026-01-06 08:57:32,B0088,0,D0046,0,0,0,legitimate,none,0,722.9125,0.7424411668078779,0,7,4,8
TX000635,C0082,2384.68,2026-01-06 08:58:44,B0419,0,D0185,0,1,0,legitimate,none,0,4108.38625,0.5804420166190557,0,3,2,8
TX000372,C0051,94467.2,2026-01-06 09:18:39,B0262,0,D0115,0,0,0,legitimate,none,0,85260.52333333333,1.1079828777343106,0,1,3,9
TX000277,C0037,35358.98,2026-01-06 09:21:19,B0181,0,D0084,0,0,0,legitimate,none,0,33366.41,1.0597178419853979,0,0,0,9
TX000742,C0095,2691.46,2026-01-06 09:22:52,B0483,0,D0205,0,0,0,legitimate,none,0,4339.796666666667,0.6201811298378802,0,0,0,9
TX000607,C0078,15049.06,2026-01-06 09:23:32,B0395,0,D0173,0,0,0,legitimate,none,0,19818.765714285713,0.7593338665461076,0,0,2,9
TX000831,C0037,39359.74,2026-01-06 09:25:19,B0185,0,D0084,0,0,0,transfer_burst,hard,1,35358.98,1.1131469290120923,1,1,0,9
TX000792,C0037,24239.42,2026-01-06 09:26:19,FRAUD_B000793,1,FRAUD_D000793,1,0,1,transfer_burst,moderate,1,37359.36,0.648817859834858,2,2,0,9
TX000069,C0010,11010.14,2026-01-06 09:47:04,B0046,0,D0022,0,0,0,legitimate,none,0,10590.650000000001,1.039609466841034,0,3,2,9
TX000022,C0002,4421.83,2026-01-06 09:47:34,NEW_B000023,1,D0003,0,0,0,legitimate,none,0,4335.11375,1.0200032236755032,0,2,0,9
TX000056,C0006,16520.23,2026-01-06 09:57:40,B0025,0,D0013,0,0,0,legitimate,none,0,13304.991666666667,1.2416565461960078,0,0,1,9
TX000705,C0090,5012.62,2026-01-06 10:07:54,B0467,0,D0197,0,0,0,legitimate,none,0,18584.976666666666,0.26971354820102905,0,0,1,10
TX000734,C0094,2237.91,2026-01-06 10:19:36,B0476,0,D0204,0,0,0,legitimate,none,0,4995.113076923077,0.4480198877456689,0,0,2,10
TX000075,C0010,2126.33,2026-01-06 10:35:03,B0047,0,D0022,0,0,0,legitimate,none,0,10632.598999999998,0.19998214923745364,0,4,4,10
TX000168,C0020,1117.19,2026-01-06 10:41:55,B0088,0,NEW_D000169,1,0,0,legitimate,none,0,711.96,1.5691752345637395,0,8,5,10
TX000191,C0023,3519.92,2026-01-06 11:05:31,B0106,0,D0053,0,0,0,legitimate,none,0,3694.442,0.9527609311500898,0,2,0,11
TX000078,C0010,9041.58,2026-01-06 11:17:44,B0046,0,D0022,0,0,0,legitimate,none,0,9859.301818181817,0.9170608798410215,0,5,3,11
TX000495,C0067,9301.45,2026-01-06 11:29:47,B0340,0,D0151,0,0,0,legitimate,none,0,6376.264999999999,1.4587615163422476,0,3,4,11
TX000446,C0064,28748.38,2026-01-06 11:56:01,B0328,0,D0143,0,0,0,legitimate,none,0,20611.105714285713,1.394800473032084,0,1,3,11
TX000548,C0074,84923.91,2026-01-06 11:57:07,B0378,0,D0166,0,0,0,legitimate,none,0,85066.67214285713,0.9983217617515661,0,2,1,11
TX000538,C0074,79999.59,2026-01-06 11:58:37,B0381,0,D0166,0,0,0,legitimate,none,0,85057.15466666667,0.9405392211097711,1,3,2,11
TX000745,C0096,946.03,2026-01-06 12:00:12,NEW_B000746,1,D0206,0,0,0,legitimate,none,0,652.6244444444444,1.4495779434147937,0,2,0,12
TX000580,C0076,54913.54,2026-01-06 12:08:22,B0386,0,D0170,0,0,0,legitimate,none,0,41280.070909090915,1.330267579261998,0,2,6,12
TX000573,C0076,44894.78,2026-01-06 12:24:57,B0389,0,D0170,0,0,0,legitimate,none,0,42416.193333333336,1.0584349153444383,0,3,1,12
TX000641,C0083,2222.49,2026-01-06 12:26:25,B0424,0,D0187,0,0,0,legitimate,none,0,2245.06,0.9899468165661496,0,2,0,12
TX000031,C0002,3886.91,2026-01-06 12:27:07,B0008,0,D0004,0,0,0,legitimate,none,0,4344.748888888889,0.8946224740261167,0,2,1,12
TX000073,C0010,9825.8,2026-01-06 12:27:28,B0046,0,D0022,0,0,0,legitimate,none,0,9791.158333333333,1.0035380560182272,0,6,4,12
TX000476,C0066,2486.22,2026-01-06 13:26:15,B0339,0,NEW_D000477,1,0,0,legitimate,none,0,2853.5975,0.8712581224226612,0,0,1,13
TX000180,C0020,1293.06,2026-01-06 13:35:20,B0089,0,D0046,0,0,0,legitimate,none,0,734.4727777777778,1.7605281490653537,0,8,2,13
TX000319,C0043,3020.33,2026-01-06 13:44:56,B0208,0,D0099,0,0,0,legitimate,none,0,3051.2,0.9898826691137913,0,1,2,13
TX000778,C0100,7078.46,2026-01-06 14:00:49,B0501,0,D0216,0,0,0,legitimate,none,0,7947.3949999999995,0.8906641736065718,0,0,1,14
TX000575,C0076,51057.91,2026-01-06 14:08:07,B0389,0,D0170,0,0,0,legitimate,none,0,42606.85384615384,1.1983496876901896,0,3,2,14
TX000432,C0063,1728.03,2026-01-06 14:18:41,B0321,0,D0140,0,0,0,legitimate,none,0,4623.210625,0.3737727177420129,0,1,4,14
TX000533,C0074,88639.75,2026-01-06 14:29:33,B0380,0,D0166,0,0,0,legitimate,none,0,84741.056875,1.0460071335993708,0,3,0,14
TX000797,C0081,19758.03,2026-01-06 14:31:29,B0416,0,D0184,0,0,0,new_device,hard,1,23678.445,0.834431061668112,0,0,0,14
TX000626,C0082,2899.26,2026-01-06 14:48:50,B0420,0,D0186,0,0,0,legitimate,none,0,4006.9917647058824,0.7235502766781476,0,2,2,14
TX000374,C0051,105840.56,2026-01-06 14:53:23,B0264,0,D0115,0,0,0,legitimate,none,0,86575.76285714285,1.2225195194022795,0,2,2,14
TX000257,C0033,25716.58,2026-01-06 15:06:13,B0157,0,D0073,0,0,0,legitimate,none,0,18205.291666666668,1.412588189789141,0,1,1,15
TX000788,C0011,18462.74,2026-01-06 15:10:38,B0051,0,D0023,0,0,0,anomalous_context,hard,1,16541.904285714285,1.116119382696741,0,3,1,15
TX000053,C0006,10290.38,2026-01-06 15:12:24,B0022,0,D0015,0,0,0,legitimate,none,0,13764.311428571427,0.7476131336755157,0,1,0,15
TX000633,C0082,3262.12,2026-01-06 15:20:03,B0417,0,D0186,0,0,0,legitimate,none,0,3945.451111111111,0.826805327992349,0,3,4,15
TX000420,C0062,776.07,2026-01-06 15:22:20,B0318,0,D0138,0,0,0,legitimate,none,0,1008.99,0.7691552939077692,0,0,2,15
TX000566,C0075,11814.61,2026-01-06 15:26:44,B0384,0,D0167,0,0,0,legitimate,none,0,14039.438666666665,0.8415300839663201,0,1,7,15
TX000357,C0049,3222.37,2026-01-06 15:31:50,B0249,0,D0111,0,0,0,legitimate,none,0,3615.871428571428,0.891173832824334,0,1,2,15
TX000534,C0074,57577.92,2026-01-06 15:39:03,NEW_B000535,1,D0166,0,0,0,legitimate,none,0,84970.39176470588,0.6776233321300998,0,4,0,15
TX000644,C0083,1356.97,2026-01-06 15:54:27,B0421,0,D0187,0,0,0,legitimate,none,0,2239.4175,0.6059477520381974,0,3,2,15
TX000095,C0013,14728.23,2026-01-06 16:06:35,B0057,0,D0028,0,0,0,legitimate,none,0,15289.756666666668,0.9632743228745518,0,1,2,16
TX000563,C0075,16981.08,2026-01-06 16:07:43,B0383,0,D0167,0,0,0,legitimate,none,0,13900.386875,1.2216264304514188,0,2,3,16
TX000544,C0074,129541.87,2026-01-06 16:17:17,B0378,0,D0166,0,0,0,legitimate,none,0,83448.58777777778,1.5523554496208836,0,5,2,16
TX000299,C0040,5960.78,2026-01-06 16:17:46,B0195,0,D0090,0,0,0,legitimate,none,0,4721.465263157895,1.262485196388632,0,1,8,16
TX000503,C0067,3705.61,2026-01-06 16:29:50,B0340,0,D0151,0,0,0,legitimate,none,0,6601.279230769231,0.5613472586840104,0,1,5,16
TX000209,C0024,65417.09,2026-01-06 16:50:27,B0108,0,D0054,0,0,0,legitimate,none,0,58477.85363636364,1.1186643478193818,0,1,2,16
TX000047,C0005,15606.29,2026-01-06 16:54:43,B0020,0,NEW_D000048,1,0,0,legitimate,none,0,16583.094,0.9410963961248727,0,2,1,16
TX000248,C0030,3516.31,2026-01-06 17:08:47,B0143,0,D0067,0,0,1,legitimate,none,0,4515.7692307692305,0.7786735371774125,0,2,3,17
TX000278,C0038,11229.26,2026-01-06 17:14:42,B0187,0,D0087,0,0,0,legitimate,none,0,13982.1,0.8031168422483032,0,1,0,17
TX000782,C0100,4583.13,2026-01-06 17:21:14,B0502,0,D0216,0,0,1,legitimate,none,0,7823.261428571429,0.5858336758710242,0,1,1,17
TX000124,C0016,861.6,2026-01-06 17:32:14,B0069,0,D0032,0,0,1,legitimate,none,0,1619.4941666666666,0.5320179706317765,0,6,0,17
TX000453,C0064,16859.8,2026-01-06 17:43:29,B0329,0,D0143,0,0,0,legitimate,none,0,21153.590666666667,0.7970183533222697,0,1,1,17
TX000354,C0049,3084.89,2026-01-06 17:48:37,B0251,0,D0111,0,0,0,legitimate,none,0,3566.68375,0.8649182871904468,0,2,1,17
TX000441,C0063,4963.89,2026-01-06 17:49:05,B0321,0,D0142,0,0,0,legitimate,none,0,4452.905882352941,1.1147529570908092,0,2,5,17
TX000373,C0051,117968.42,2026-01-06 17:51:20,NEW_B000374,1,D0115,0,0,0,legitimate,none,0,88983.8625,1.3257282465121134,0,3,0,17
TX000866,C0049,3037.6,2026-01-06 17:52:37,FRAUD_B000867,1,D0111,0,0,0,transfer_burst,hard,1,3513.1511111111113,0.8646368755368715,1,3,0,17
TX000439,C0063,2176.49,2026-01-06 17:56:03,B0320,0,NEW_D000440,1,0,0,legitimate,none,0,4481.293888888888,0.4856833883170399,1,2,7,17
TX000680,C0085,47073.9,2026-01-06 18:05:25,B0433,0,NEW_D000681,1,0,0,legitimate,none,0,29395.272999999997,1.601410539715008,0,2,2,18
TX000144,C0018,66715.93,2026-01-06 18:09:52,B0082,0,D0040,0,0,1,legitimate,none,0,61206.55357142857,1.0900128516816738,0,0,6,18
TX000452,C0064,30798.53,2026-01-06 18:12:12,B0326,0,D0143,0,0,0,legitimate,none,0,20885.228750000002,1.474656101145169,0,2,1,18
TX000054,C0006,15282.15,2026-01-06 18:17:00,B0021,0,D0015,0,0,0,legitimate,none,0,13330.07,1.1464418416407416,0,2,1,18
TX000065,C0009,2104.39,2026-01-06 18:17:12,NEW_B000066,1,D0020,0,0,0,legitimate,none,0,1336.54,1.574505813518488,0,1,0,18
TX000218,C0025,5825.06,2026-01-06 18:26:38,B0113,0,D0057,0,0,0,legitimate,none,0,6742.80375,0.8638928576261767,0,2,1,18
TX000472,C0065,2077.18,2026-01-06 18:32:45,B0333,0,D0146,0,0,0,legitimate,none,0,6427.07,0.32319237226294406,0,0,4,18
TX000553,C0075,18179.23,2026-01-06 18:36:00,B0384,0,D0168,0,0,0,legitimate,none,0,14081.604117647059,1.2909914132025482,0,2,8,18
TX000400,C0058,32339.01,2026-01-06 18:39:41,B0294,0,D0130,0,0,0,legitimate,none,0,21685.696,1.4912599531045718,0,0,0,18
TX000234,C0030,3518.58,2026-01-06 18:40:19,B0142,0,D0067,0,0,1,legitimate,none,0,4444.379285714285,0.7916921067717797,0,3,1,18
TX000149,C0018,73112.75,2026-01-06 18:52:22,NEW_B000150,1,D0039,0,0,0,legitimate,none,0,61573.84533333333,1.1873994486490196,0,1,0,18
TX000109,C0014,24730.19,2026-01-06 19:00:39,B0061,0,D0029,0,0,0,legitimate,none,0,23020.260000000002,1.074279352188029,0,1,4,19
TX000225,C0028,2473.12,2026-01-06 19:10:39,B0131,0,D0062,0,0,0,legitimate,none,0,1487.13,1.6630153382690147,0,0,0,19
TX000239,C0030,3505.21,2026-01-06 19:20:50,B0143,0,D0067,0,0,0,legitimate,none,0,4382.659333333333,0.7997906598261726,0,4,4,19
TX000694,C0088,19864.23,2026-01-06 19:26:54,B0454,0,D0195,0,0,0,legitimate,none,0,18241.2175,1.08897500948059,0,0,1,19
TX000428,C0063,5367.13,2026-01-06 19:33:40,B0321,0,D0141,0,0,0,legitimate,none,0,4359.988421052632,1.23099638845009,0,3,6,19
TX000238,C0030,4618.15,2026-01-06 19:39:43,B0142,0,D0067,0,0,0,legitimate,none,0,4327.81875,1.0670848912052981,0,5,2,19
TX000206,C0024,40720.29,2026-01-06 19:43:31,B0109,0,D0054,0,0,0,legitimate,none,0,59056.12333333333,0.6895185071691974,0,1,8,19
TX000525,C0073,7942.4,2026-01-06 19:45:58,B0374,0,D0165,0,0,0,legitimate,none,0,4723.43,1.6814899342215295,0,0,1,19
TX000601,C0078,24049.4,2026-01-06 19:51:28,B0398,0,D0174,0,0,0,legitimate,none,0,19500.78533333333,1.2332528966867593,0,1,0,19
TX000698,C0088,10473.26,2026-01-06 19:53:43,B0455,0,D0195,0,0,0,legitimate,none,0,18366.064615384614,0.5702506344895963,0,1,4,19
TX000552,C0075,12834.01,2026-01-06 20:01:57,B0385,0,D0167,0,0,0,legitimate,none,0,14309.25,0.8969030522214652,0,3,5,20
TX000132,C0017,5091.54,2026-01-06 20:04:44,B0081,0,D0036,0,0,0,legitimate,none,0,2668.08,1.9083160924709903,0,0,0,20
TX000413,C0060,11676.92,2026-01-06 20:07:44,B0309,0,D0134,0,0,0,legitimate,none,0,21736.278,0.5372088082421471,0,0,0,20
TX000433,C0063,4091.3,2026-01-06 20:17:44,B0320,0,D0140,0,0,0,legitimate,none,0,4410.3455,0.9276597491058239,0,4,8,20
TX000456,C0064,18244.82,2026-01-06 20:28:25,B0323,0,NEW_D000457,1,0,0,legitimate,none,0,21468.36411764706,0.8498467745384802,0,3,0,20
TX000196,C0024,63211.86,2026-01-06 20:31:14,B0109,0,D0055,0,0,0,legitimate,none,0,57645.67461538462,1.0965585956232329,0,2,9,20
TX000678,C0085,51988.06,2026-01-06 20:40:17,B0432,0,D0189,0,0,0,legitimate,none,0,31002.42090909091,1.6769032377324902,0,3,1,20
TX000718,C0092,3490.56,2026-01-06 20:44:59,NEW_B000719,1,D0199,0,0,0,legitimate,none,0,3614.0533333333333,0.9658296870734245,0,0,0,20
TX000802,C0096,777.28,2026-01-06 21:04:14,FRAUD_B000803,1,FRAUD_D000803,1,1,1,account_takeover,easy,1,681.9649999999999,1.1397652372189189,0,3,0,21
TX000605,C0078,22029.45,2026-01-06 21:07:41,B0397,0,D0174,0,0,0,legitimate,none,0,19785.07375,1.1134378510972192,0,2,6,21
TX000699,C0088,21413.89,2026-01-06 21:08:11,B0457,0,D0195,0,0,0,legitimate,none,0,17802.292857142857,1.2028725834272551,0,2,0,21
TX000221,C0025,10624.8,2026-01-06 21:10:05,B0111,0,D0057,0,0,0,legitimate,none,0,6640.832222222222,1.5999199564847042,0,3,3,21
TX000780,C0100,9069.98,2026-01-06 21:14:33,B0503,0,D0216,0,0,0,legitimate,none,0,7418.245,1.2226584589751348,0,2,1,21
TX000001,C0001,1665.4,2026-01-06 21:25:15,B0001,0,D0001,0,0,0,legitimate,none,0,1357.140625,1.2271388604257574,0,0,7,21
TX000020,C0001,835.31,2026-01-06 21:28:50,B0002,0,D0001,0,0,0,legitimate,none,0,1375.2735294117647,0.6073773559484423,1,1,7,21
TX000089,C0012,1414.97,2026-01-06 21:29:48,B0055,0,D0025,0,0,0,legitimate,none,0,1840.33,0.76886754006075,0,1,0,21
TX000693,C0088,11328.58,2026-01-06 21:30:01,B0453,0,D0195,0,0,1,legitimate,none,0,18043.066,0.6278633575912209,0,3,1,21
TX000632,C0082,4995.81,2026-01-06 21:30:35,B0417,0,D0186,0,0,0,legitimate,none,0,3909.486315789474,1.2778686498589666,0,3,5,21
TX000570,C0075,12043.06,2026-01-06 21:31:11,B0383,0,D0168,0,0,0,legitimate,none,0,14231.605789473684,0.8462193359028798,0,4,4,21
TX000741,C0094,2048.13,2026-01-06 21:48:25,B0478,0,D0204,0,0,0,legitimate,none,0,4798.17,0.4268564890364452,0,1,4,21
TX000858,C0013,20368.14,2026-01-06 22:02:38,FRAUD_B000859,1,D0028,0,0,0,new_beneficiary,hard,1,15209.538571428571,1.3391688317397061,0,1,0,22
TX000465,C0065,6486.85,2026-01-06 22:15:15,B0334,0,D0146,0,0,0,legitimate,none,0,6031.625454545455,1.0754729465357447,0,1,0,22
TX000023,C0002,4839.18,2026-01-06 22:38:18,NEW_B000024,1,D0004,0,0,0,legitimate,none,0,4298.965,1.1256616418137855,0,3,0,22
TX000484,C0066,2850.97,2026-01-06 22:41:56,B0336,0,D0149,0,0,0,legitimate,none,0,2825.337692307692,1.0090722987776275,0,1,2,22
TX000295,C0040,5305.43,2026-01-06 22:50:26,B0195,0,D0090,0,0,0,legitimate,none,0,4783.431,1.1091264826439433,0,1,9,22
TX000118,C0016,965.61,2026-01-06 23:04:42,B0071,0,D0034,0,0,0,legitimate,none,0,1561.1946153846152,0.6185071294023857,0,4,2,23
TX000294,C0040,6013.6,2026-01-06 23:05:24,B0196,0,D0091,0,0,1,legitimate,none,0,4808.288095238096,1.250673811736778,0,2,11,23
TX000816,C0061,918.91,2026-01-06 23:14:38,B0312,0,D0135,0,0,0,new_beneficiary,hard,1,2479.306666666667,0.37063184331103316,0,0,0,23
TX000853,C0080,15490.15,2026-01-06 23:46:24,B0408,0,D0179,0,0,0,anomalous_context,hard,1,19477.25,0.7952945102619723,0,0,0,23
TX000542,C0074,59783.82,2026-01-07 00:24:43,B0379,0,D0166,0,1,0,legitimate,none,0,85874.55,0.6961762245042332,0,5,2,0
TX000649,C0084,59396.84,2026-01-07 01:31:56,B0429,0,D0188,0,0,0,legitimate,none,0,68565.33294117649,0.8662809243697203,0,0,2,1
TX000660,C0084,61054.34,2026-01-07 02:30:55,B0427,0,D0188,0,0,0,legitimate,none,0,68055.97222222222,0.8971195033499795,0,1,0,2
TX000656,C0084,64951.95,2026-01-07 02:47:26,NEW_B000657,1,D0188,0,0,0,legitimate,none,0,67687.4652631579,0.9595860880220192,0,2,0,2
TX000475,C0065,10025.91,2026-01-07 03:17:14,B0334,0,D0146,0,0,0,legitimate,none,0,6069.560833333333,1.6518345025786463,0,2,1,3
TX000002,C0001,1389.3,2026-01-07 03:29:03,B0001,0,D0002,0,0,0,legitimate,none,0,1345.2755555555555,1.0327252244067304,0,2,8,3
TX000596,C0078,16599.93,2026-01-07 03:42:09,B0398,0,D0173,0,0,0,legitimate,none,0,19917.09588235294,0.8334513273447645,0,3,1,3
TX000843,C0043,3725.05,2026-01-07 04:01:38,B0207,0,D0098,0,0,0,anomalous_context,hard,1,3048.3936363636367,1.221971452624974,0,2,6,4
TX000590,C0077,2175.15,2026-01-07 04:21:26,B0393,0,D0172,0,0,0,legitimate,none,0,2918.27,0.745355981454766,0,0,0,4
TX000682,C0085,22533.47,2026-01-07 04:38:08,B0432,0,D0191,0,0,0,legitimate,none,0,32751.224166666667,0.6880191679349187,0,4,2,4
TX000139,C0018,78642.29,2026-01-07 04:39:07,B0082,0,D0039,0,0,0,legitimate,none,0,62295.026874999996,1.2624168243446159,0,2,7,4
TX000135,C0018,45778.2,2026-01-07 05:20:59,B0083,0,D0038,0,0,0,legitimate,none,0,63256.63058823529,0.7236901424293377,0,3,6,5
TX000727,C0094,4599.69,2026-01-07 06:07:42,NEW_B000728,1,D0202,0,0,0,legitimate,none,0,4614.834,0.9967184085061347,0,2,0,6
TX000068,C0010,12922.84,2026-01-07 06:08:00,B0045,0,D0022,0,0,0,legitimate,none,0,9793.823076923076,1.3194888143782935,0,4,3,6
TX000628,C0082,3295.22,2026-01-07 06:11:24,B0419,0,D0185,0,0,0,legitimate,none,0,3963.8025000000002,0.8313279988092241,0,4,3,6
TX000527,C0073,5271.47,2026-01-07 06:15:27,B0375,0,D0165,0,0,0,legitimate,none,0,6332.915,0.8323923501262847,0,1,0,6
TX000804,C0073,9368.2,2026-01-07 06:16:27,FRAUD_B000805,1,FRAUD_D000805,1,1,1,transfer_burst,easy,1,5979.099999999999,1.5668244384606382,1,2,0,6
TX000419,C0062,1029.77,2026-01-07 06:26:07,B0319,0,NEW_D000420,1,0,0,legitimate,none,0,931.35,1.1056745584366778,0,1,0,6
TX000025,C0002,3968.47,2026-01-07 06:36:18,B0006,0,D0003,0,0,0,legitimate,none,0,4348.075454545455,0.9126957527499626,0,4,1,6
TX000801,C0046,85158.12,2026-01-07 06:59:15,B0229,0,FRAUD_D000802,1,1,1,abnormal_amount,moderate,1,22369.38333333333,3.806905122552179,0,0,0,6
TX000276,C0036,3853.5,2026-01-07 07:01:09,B0173,0,D0082,0,0,0,legitimate,none,0,3424.3939999999993,1.1253085947469832,0,0,0,7
TX000076,C0010,12381.63,2026-01-07 07:18:38,B0045,0,D0022,0,0,0,legitimate,none,0,10017.324285714287,1.2360216807254059,0,5,4,7
TX000106,C0014,25739.13,2026-01-07 07:18:58,B0059,0,D0030,0,0,1,legitimate,none,0,23210.25222222222,1.1089552045176205,0,1,1,7
TX000044,C0005,16472.98,2026-01-07 07:20:47,B0020,0,D0012,0,0,0,legitimate,none,0,16420.293333333335,1.0032086312708988,0,1,2,7
TX000442,C0063,4407.38,2026-01-07 07:22:41,B0322,0,D0140,0,0,0,legitimate,none,0,4395.152857142857,1.0027819607769208,0,5,4,7
TX000092,C0012,2171.22,2026-01-07 07:28:58,B0055,0,D0025,0,0,0,legitimate,none,0,1733.99,1.2521525498993649,0,1,1,7
TX000036,C0003,57498.32,2026-01-07 07:29:05,B0011,0,D0007,0,0,0,legitimate,none,0,84554.96875,0.6800111318118133,0,0,3,7
TX000243,C0030,5036.08,2026-01-07 08:00:16,B0141,0,D0068,0,0,0,legitimate,none,0,4344.89705882353,1.159079244414509,0,4,2,8
TX000197,C0024,41637.66,2026-01-07 08:05:17,B0108,0,D0055,0,0,0,legitimate,none,0,58043.25928571429,0.7173556501202188,0,3,3,8
TX000266,C0035,6467.19,2026-01-07 08:12:57,B0168,0,D0079,0,0,0,legitimate,none,0,8621.567777777778,0.7501176313511424,0,0,3,8
TX000380,C0053,3032.94,2026-01-07 08:16:23,B0271,0,D0120,0,0,0,legitimate,none,0,3112.8283333333334,0.974335772879648,0,0,2,8
TX000116,C0015,14162.96,2026-01-07 08:46:27,B0063,0,D0031,0,0,0,legitimate,none,0,13288.673999999999,1.065791816399439,0,0,0,8
TX000798,C0046,21989.12,2026-01-07 08:53:10,FRAUD_B000799,1,D0102,0,1,1,new_beneficiary,moderate,1,38066.5675,0.5776491405483303,0,1,0,8
TX000307,C0040,6629.01,2026-01-07 09:00:32,NEW_B000308,1,NEW_D000308,1,0,0,legitimate,none,0,4863.075,1.3631313520766182,0,3,0,9
TX000261,C0033,13452.42,2026-01-07 09:09:06,B0158,0,D0073,0,0,0,legitimate,none,0,19278.332857142854,0.6977999653645215,0,1,2,9
TX000363,C0050,1149.03,2026-01-07 09:13:34,B0260,0,D0112,0,0,0,legitimate,none,0,1273.84,0.902020661935565,0,0,2,9
TX000664,C0084,53414.07,2026-01-07 09:14:45,B0431,0,D0188,0,0,0,legitimate,none,0,67550.68950000001,0.7907257556564244,0,3,0,9
TX000331,C0044,1299.14,2026-01-07 09:25:25,NEW_B000332,1,D0100,0,0,0,legitimate,none,0,1305.9542857142858,0.9947821407006152,0,0,0,9
TX000393,C0056,1182.92,2026-01-07 09:27:08,B0287,0,D0126,0,0,0,legitimate,none,0,2064.37,0.5730174338902426,0,0,3,9
TX000799,C0056,1198.59,2026-01-07 09:30:08,FRAUD_B000800,1,FRAUD_D000800,1,1,1,transfer_burst,moderate,1,1954.18875,0.613344028308422,1,1,0,9
TX000822,C0006,12935.24,2026-01-07 09:38:34,FRAUD_B000823,1,FRAUD_D000823,1,1,1,account_takeover,easy,1,13546.967777777776,0.954843933505087,0,3,0,9
TX000687,C0088,15557.37,2026-01-07 09:47:42,B0452,0,D0195,0,0,0,legitimate,none,0,17623.410625,0.88276726514735,0,4,1,9
TX000461,C0064,38049.05,2026-01-07 09:55:49,B0323,0,D0145,0,0,0,legitimate,none,0,21289.278333333335,1.7872400089967038,0,4,1,9
TX000529,C0074,97478.68,2026-01-07 10:00:04,B0377,0,D0166,0,0,0,legitimate,none,0,84570.0135,1.1526388132833867,0,6,4,10
TX000515,C0070,891.27,2026-01-07 10:05:52,B0367,0,D0157,0,0,0,legitimate,none,0,1280.8600000000001,0.6958371719001295,0,0,1,10
TX000685,C0087,7449.42,2026-01-07 10:08:43,NEW_B000686,1,D0194,0,0,0,legitimate,none,0,11761.71,0.6333619856296406,0,0,0,10
TX000783,C0100,8518.37,2026-01-07 10:09:21,B0503,0,D0216,0,0,0,legitimate,none,0,7601.771111111111,1.1205770175780674,0,3,2,10
TX000203,C0024,75072.35,2026-01-07 10:19:20,B0108,0,D0054,0,0,0,legitimate,none,0,56949.55266666667,1.3182254554203172,0,4,4,10
TX000518,C0071,1864.91,2026-01-07 10:32:06,B0370,0,D0159,0,0,0,legitimate,none,0,2690.63,0.6931127654118181,0,0,3,10
TX000794,C0071,3498.38,2026-01-07 10:35:06,B0370,0,D0158,0,0,0,transfer_burst,hard,1,2553.0099999999998,1.3702962385576243,1,1,4,10
TX000237,C0030,1716.42,2026-01-07 10:41:43,B0145,0,D0067,0,0,0,legitimate,none,0,4383.296111111111,0.39158203244564943,0,5,2,10
TX000709,C0092,1253.89,2026-01-07 10:57:36,B0471,0,D0199,0,0,0,legitimate,none,0,3601.704,0.3481379924613461,0,1,4,10
TX000312,C0043,3660.0,2026-01-07 11:18:06,B0209,0,D0099,0,0,0,legitimate,none,0,3104.781666666667,1.1788268525591439,0,2,1,11
TX000486,C0066,1540.5,2026-01-07 11:27:18,B0336,0,D0148,0,0,0,legitimate,none,0,2827.1685714285713,0.5448914562677045,0,2,3,11
TX000317,C0043,3315.79,2026-01-07 11:31:50,B0207,0,D0098,0,0,0,legitimate,none,0,3147.4907692307697,1.053470921158686,0,3,7,11
TX000638,C0083,2525.81,2026-01-07 11:39:19,B0424,0,D0187,0,0,0,legitimate,none,0,2062.928,1.2243810738910907,0,2,1,11
TX000100,C0013,15517.02,2026-01-07 11:46:28,B0057,0,D0026,0,0,0,legitimate,none,0,15854.36375,0.9787223407183401,0,2,3,11
TX000856,C0094,3876.48,2026-01-07 11:51:43,B0476,0,D0204,0,1,1,anomalous_context,moderate,1,4613.8875,0.8401765322626528,0,2,3,11
TX000223,C0027,30053.41,2026-01-07 12:27:06,B0127,0,D0060,0,0,0,legitimate,none,0,24922.43,1.2058779982529793,0,0,0,12
TX000617,C0082,3536.84,2026-01-07 12:37:57,B0419,0,D0185,0,0,0,legitimate,none,0,3931.9652380952384,0.899509478296749,0,4,4,12
TX000162,C0019,8428.14,2026-01-07 12:48:15,B0084,0,D0043,0,0,0,legitimate,none,0,7022.506428571428,1.2001612366931669,0,0,4,12
TX000554,C0075,14490.32,2026-01-07 13:00:24,NEW_B000555,1,D0168,0,0,0,legitimate,none,0,14122.1785,1.0260683222492903,0,5,0,13
TX000246,C0030,3934.63,2026-01-07 13:05:59,B0144,0,D0067,0,0,0,legitimate,none,0,4242.934210526316,0.9273370278140438,0,6,3,13
TX000715,C0092,3302.25,2026-01-07 13:22:19,B0470,0,D0199,0,0,0,legitimate,none,0,3388.2663636363636,0.9746134588001963,0,2,5,13
TX000311,C0042,1575.2,2026-01-07 13:43:34,B0203,0,D0096,0,0,0,legitimate,none,0,1583.03,0.9950537892522568,0,0,0,13
TX000591,C0078,20019.4,2026-01-07 14:14:30,B0397,0,D0173,0,0,0,legitimate,none,0,19732.80888888889,1.0145235841853455,0,3,7,14
TX000857,C0091,151602.1,2026-01-07 14:20:09,B0469,0,D0198,0,0,0,abnormal_amount,hard,1,27256.765,5.561999011988401,0,0,2,14
TX000657,C0084,64084.87,2026-01-07 14:32:04,B0429,0,D0188,0,0,1,legitimate,none,0,66877.51714285715,0.9582423621246021,0,4,3,14
TX000416,C0061,1460.81,2026-01-07 14:51:15,B0315,0,D0135,0,0,1,legitimate,none,0,2089.2075,0.6992172869377503,0,1,2,14
TX000821,C0044,1559.95,2026-01-07 15:01:48,FRAUD_B000822,1,FRAUD_D000822,1,1,1,account_takeover,easy,1,1305.5,1.1949061662198392,0,1,0,15
TX000610,C0079,13072.67,2026-01-07 15:17:43,B0404,0,D0178,0,0,0,legitimate,none,0,7689.955,1.6999670349176297,0,0,0,15
TX000587,C0076,35250.6,2026-01-07 15:28:39,B0386,0,D0170,0,0,0,legitimate,none,0,43210.500714285714,0.8157878158617562,0,0,7,15
TX000320,C0043,2645.17,2026-01-07 15:29:46,B0209,0,D0099,0,0,0,legitimate,none,0,3159.512142857143,0.8372083664815342,0,3,2,15
TX000604,C0078,27569.21,2026-01-07 15:31:35,B0396,0,D0173,0,0,0,legitimate,none,0,19747.892631578947,1.396058329581656,0,4,5,15
TX000040,C0004,2029.21,2026-01-07 15:32:45,B0016,0,NEW_D000041,1,0,0,legitimate,none,0,10138.5,0.2001489372195098,0,0,0,15
TX000736,C0094,5222.94,2026-01-07 15:41:10,B0477,0,D0203,0,0,0,legitimate,none,0,4570.510588235294,1.1427475988009064,0,3,5,15
TX000556,C0075,11799.26,2026-01-07 15:41:12,B0383,0,NEW_D000557,1,0,0,legitimate,none,0,14139.709047619048,0.834476859478721,0,5,5,15
TX000675,C0085,19686.89,2026-01-07 17:05:13,B0433,0,D0191,0,0,0,legitimate,none,0,31965.243076923074,0.6158842575551291,0,3,3,17
TX000077,C0010,10191.93,2026-01-07 17:07:48,B0045,0,D0022,0,0,0,legitimate,none,0,10174.944666666666,1.0016693293074093,0,2,5,17
TX000620,C0082,3654.45,2026-01-07 17:44:37,B0417,0,D0186,0,0,0,legitimate,none,0,3914.005,0.9336855727062178,0,3,6,17
TX000189,C0023,3031.86,2026-01-07 18:05:23,NEW_B000190,1,D0053,0,0,0,legitimate,none,0,3665.355,0.8271668092176611,0,0,0,18
TX000018,C0001,1586.06,2026-01-07 18:21:01,B0002,0,D0001,0,0,0,legitimate,none,0,1347.5926315789472,1.1769580530739807,0,3,8,18
TX000667,C0084,58936.53,2026-01-07 18:43:13,B0430,0,D0188,0,0,0,legitimate,none,0,66750.57863636363,0.882936615741833,0,5,1,18
TX000681,C0085,41452.67,2026-01-07 18:49:25,B0437,0,D0190,0,0,0,legitimate,none,0,31088.217857142856,1.3333884299989167,0,3,1,18
TX000568,C0075,9391.27,2026-01-07 19:00:35,B0383,0,NEW_D000569,1,0,0,legitimate,none,0,14033.325,0.6692120363491902,0,4,6,19
TX000781,C0100,8053.86,2026-01-07 19:13:28,B0503,0,D0216,0,0,0,legitimate,none,0,7693.431,1.046848928650949,0,2,3,19
TX000175,C0020,771.12,2026-01-07 19:26:09,B0088,0,D0045,0,0,0,legitimate,none,0,763.8721052631579,1.0094883615816095,0,0,6,19
TX000540,C0074,74781.55,2026-01-07 19:49:24,B0379,0,D0166,0,0,0,legitimate,none,0,85184.7119047619,0.8778752469528472,0,2,3,19
TX000520,C0071,3233.59,2026-01-07 19:50:27,B0369,0,D0158,0,0,0,legitimate,none,0,2688.062857142857,1.2029443401621136,0,2,0,19
TX000017,C0001,1009.01,2026-01-07 19:52:46,B0002,0,D0001,0,0,0,legitimate,none,0,1359.516,0.7421832475675166,0,4,9,19
TX000496,C0067,7416.41,2026-01-07 19:53:35,B0343,0,D0151,0,0,0,legitimate,none,0,6394.4457142857145,1.1598206211104636,0,0,3,19
TX000227,C0029,99717.45,2026-01-07 19:58:03,NEW_B000228,1,D0064,0,0,0,legitimate,none,0,103132.645,0.9668854124705131,0,0,0,19
TX000643,C0083,2278.98,2026-01-07 19:59:36,B0421,0,D0187,0,0,0,legitimate,none,0,2140.0750000000003,1.064906603740523,0,1,3,19
TX000728,C0094,5051.38,2026-01-07 20:05:51,B0477,0,D0202,0,0,0,legitimate,none,0,4606.756666666666,1.0965154805224502,0,4,6,20
TX000101,C0013,9604.23,2026-01-07 20:14:34,B0057,0,D0026,0,0,0,legitimate,none,0,15816.88111111111,0.6072138958706075,0,2,4,20
TX000406,C0059,5286.55,2026-01-07 20:43:29,B0302,0,D0133,0,0,0,legitimate,none,0,3964.6875,1.3334090013399544,0,0,1,20
TX000176,C0020,888.71,2026-01-07 20:58:03,B0089,0,D0044,0,0,0,legitimate,none,0,764.2345,1.1628760544047672,0,1,3,20
TX000222,C0026,975.21,2026-01-07 21:35:32,B0115,0,D0058,0,0,0,legitimate,none,0,2579.6,0.3780469840285316,0,0,0,21
TX000815,C0026,1860.88,2026-01-07 21:37:32,FRAUD_B000816,1,FRAUD_D000816,1,1,0,transfer_burst,moderate,1,1777.405,1.0469645353760118,1,1,0,21
TX000779,C0100,7475.5,2026-01-07 21:41:32,NEW_B000780,1,NEW_D000780,1,0,0,legitimate,none,0,7726.197272727272,0.9675523075741013,0,2,0,21
TX000647,C0084,12185.06,2026-01-07 21:50:01,B0425,0,D0188,0,0,0,legitimate,none,0,66410.83739130435,0.1834799933059642,0,6,3,21
TX000058,C0007,4187.31,2026-01-07 21:51:18,B0031,0,D0016,0,0,0,legitimate,none,0,4646.5633333333335,0.9011627948684655,0,0,0,21
TX000099,C0013,16717.33,2026-01-07 22:02:42,B0056,0,D0026,0,0,0,legitimate,none,0,15195.616,1.10014164611688,0,2,4,22
TX000708,C0092,5098.24,2026-01-07 22:04:05,B0471,0,NEW_D000709,1,0,0,legitimate,none,0,3381.0983333333334,1.5078650477975843,0,2,5,22
TX000249,C0031,843.84,2026-01-07 22:04:16,B0151,0,D0070,0,0,0,legitimate,none,0,555.0766666666667,1.5202224317361566,0,0,0,22
TX000463,C0065,5303.88,2026-01-07 22:05:14,B0334,0,D0147,0,0,0,legitimate,none,0,6373.8953846153845,0.832125361329577,0,2,2,22
TX000210,C0024,122153.04,2026-01-07 22:09:22,NEW_B000211,1,D0055,0,0,0,legitimate,none,0,58082.2275,2.1031052915455075,0,2,0,22
TX000326,C0043,1749.97,2026-01-07 22:12:22,B0209,0,D0099,0,0,0,legitimate,none,0,3125.222666666667,0.559950501660255,0,4,3,22
TX000569,C0075,5906.95,2026-01-07 22:14:29,B0385,0,D0167,0,0,0,legitimate,none,0,13831.49652173913,0.4270651401109038,0,3,6,22
TX000291,C0040,4492.96,2026-01-07 22:26:34,B0196,0,D0090,0,0,0,legitimate,none,0,4939.854782608696,0.9095328097129417,0,3,12,22
TX000859,C0048,74066.92,2026-01-07 22:36:30,B0242,0,D0108,0,1,0,abnormal_amount,moderate,1,12109.515,6.116423324963882,0,0,0,22
TX000292,C0040,4083.41,2026-01-07 22:36:57,B0195,0,D0091,0,0,0,legitimate,none,0,4921.234166666666,0.8297532410992433,0,4,10,22
TX000791,C0023,4262.82,2026-01-07 22:50:19,B0105,0,D0053,0,0,0,new_device,hard,1,3574.8557142857144,1.1924453294618482,0,1,0,22
TX000612,C0079,8872.56,2026-01-07 22:54:34,B0400,0,D0176,0,0,0,legitimate,none,0,8766.498000000001,1.0120985597669672,0,1,1,22
TX000865,C0067,5505.7,2026-01-07 23:12:47,FRAUD_B000866,1,FRAUD_D000866,1,1,1,new_beneficiary,easy,1,6462.576666666666,0.8519357346115302,0,1,0,23
TX000130,C0016,1262.35,2026-01-07 23:52:55,B0066,0,D0034,0,0,0,legitimate,none,0,1518.652857142857,0.8312301221853579,0,0,1,23
